"word_clean","language","uni_lemma","lexical_class","category","definition","cnt","frequency","surprisal_2gm","surprisal_3gm","surprisal_4gm","surprisal_5gm","surprisal_6gm"
"一个","Mandarin (Taiwanese)","one two three","function_words","quantifiers","一個(二、三個…)",NA,NA,NA,NA,NA,NA,NA
"一样","Mandarin (Taiwanese)","same","adjectives","descriptive_words","一樣的",720,7.33745580394505,7.22669059917892,3.5700470173409,1.8562508113204,1.47015191857366,1.40752835636815
"三明治","Mandarin (Taiwanese)","sandwich","nouns","food_drink","三明治",3,12.818094727287,13.9585975609428,8.06263152499225,7.84125395360733,7.84125395360733,7.84125395360733
"三轮车","Mandarin (Taiwanese)","tricycle","nouns","vehicles","三輪車",27,10.6208701499508,10.7182237771232,8.36642548677608,6.61565542354224,6.00745735980487,6.00745735980487
"上面","Mandarin (Taiwanese)","above","function_words","locations","上面",1145,6.87354709996681,7.10794808548537,5.00589661564434,3.76868315091139,3.33290606883761,3.23509435088892
"下巴","Mandarin (Taiwanese)","chin","nouns","body_parts","下巴",9,11.7194824386189,13.238048579112,9.90206111893611,8.3753472225162,8.2791584549286,8.24338866660778
"下雨","Mandarin (Taiwanese)","rain","nouns","outside","下雨",85,9.47405575946483,11.2602273736731,8.06455115810002,7.34880741356477,7.19385658809855,7.16082888313316
"下面","Mandarin (Taiwanese)","below","function_words","locations","下面",524,7.65521533163411,8.65034185915188,6.44642484531937,5.37313966905151,5.05012137178163,4.96702080112253
"不 对","Mandarin (Taiwanese)","no","verbs","action_words","不是/不對/不好",NA,NA,NA,NA,NA,NA,NA
"不乖","Mandarin (Taiwanese)","naughty","adjectives","descriptive_words","不乖",NA,NA,NA,NA,NA,NA,NA
"不好","Mandarin (Taiwanese)","no","verbs","action_words","不是/不對/不好",NA,NA,NA,NA,NA,NA,NA
"不是","Mandarin (Taiwanese)","no","verbs","action_words","不是/不對/不好",466,7.77252138182951,9.30403683150702,7.54086797661621,7.02492849422456,6.9293763900057,6.90050229725827
"不行","Mandarin (Taiwanese)","not","verbs","action_words","不可以/不行",NA,NA,NA,NA,NA,NA,NA
"不要","Mandarin (Taiwanese)","don't","verbs","action_words","不要",NA,NA,NA,NA,NA,NA,NA
"丢","Mandarin (Taiwanese)","throw","verbs","action_words","丟",227,8.49175699847375,9.3408637355209,5.83239364321352,4.31343252592084,3.90373447881488,3.7399215234687
"为什么","Mandarin (Taiwanese)","why","function_words","question_words","為什麼？",1065,6.94597693781162,8.22822146724261,7.38923169154344,7.01355657242089,6.92516819839107,6.90046557490251
"乌龟","Mandarin (Taiwanese)","turtle","nouns","animals","烏龜",100,9.31153682996706,9.61849639658973,7.6312318997597,6.25672145608571,5.5393394449392,5.47059475376004
"也","Mandarin (Taiwanese)","also","function_words","quantifiers","也有、也是",3891,5.6502855429706,5.97999513159975,3.9329540394825,3.2163128074409,2.97902870939252,2.91591921394311
"书","Mandarin (Taiwanese)","book","nouns","toys","書",1477,6.61893873342377,4.95585318223113,3.5196821439951,2.48312463651471,2.05554505982646,1.93412585875808
"书包","Mandarin (Taiwanese)","bag","nouns","household","書包",27,10.6208701499508,11.0954874676736,7.33274616401648,4.20147783637977,2.63648632208788,2.58970727001996
"云","Mandarin (Taiwanese)","cloud","nouns","outside","雲",33,10.4201994544887,9.96711424009331,7.51448535006042,6.54729300053854,6.34503381911437,6.29700465242585
"亮","Mandarin (Taiwanese)","bright","adjectives","descriptive_words","亮亮的",43,10.1555069002616,8.95386327792104,3.49489444913117,2.40834117641131,2.24677065129257,2.2415987345173
"亲","Mandarin (Taiwanese)","kiss","verbs","action_words","親",57,9.8736557481206,8.81672656912503,5.66409825230201,3.94779280139481,3.66227823705045,3.62939281392911
"什么","Mandarin (Taiwanese)","what","function_words","question_words","什麼？",16673,4.19516109239469,3.40773524151561,2.31352125217632,1.72407573090388,1.51106519883665,1.45674356629014
"以为","Mandarin (Taiwanese)","think","verbs","action_words","以為",145,8.93997327353458,7.92893618822416,5.9328315727977,5.23555221305206,5.19234974003977,5.19199877511282
"企鹅","Mandarin (Taiwanese)","penguin","nouns","animals","企鵝",31,10.48271981147,10.4713993444716,8.15987754851926,7.42960927933932,7.3035136366346,7.3035136366346
"伤心","Mandarin (Taiwanese)","sad","adjectives","descriptive_words","傷心的/難過的",72,9.64004089693909,8.48842471021235,4.27511752196205,2.20559273685442,1.92462158284834,1.81664941166624
"倒","Mandarin (Taiwanese)","pour","verbs","action_words","倒",512,7.67838239091564,6.42797689719321,4.16500588926107,3.16515025214554,2.85269956582894,2.79609867475831
"假装","Mandarin (Taiwanese)","pretend","verbs","action_words","假裝",51,9.98488138323082,8.03043143232893,6.94914573470395,6.70448447257846,6.62378884086435,6.62378884086435
"停","Mandarin (Taiwanese)","stop","verbs","action_words","停",114,9.18050856756065,9.68160409675628,5.59317895711975,4.48469020923174,4.31441839091864,4.31331724283019
"兔子","Mandarin (Taiwanese)","bunny","nouns","animals","兔子",214,8.5507310009333,7.43777187904561,5.6324419928017,4.30819029731551,3.79954632352235,3.72743394569644
"全部","Mandarin (Taiwanese)","all","function_words","quantifiers","全部(通通)",96,9.35235882448731,10.4981598969008,7.46069122214012,5.89776473063867,5.48580447355039,5.37718663142399
"公车","Mandarin (Taiwanese)","bus","nouns","vehicles","公車(巴士)",NA,NA,NA,NA,NA,NA,NA
"公鸡","Mandarin (Taiwanese)","rooster","nouns","animals","公雞",74,9.61264192275098,10.536277750339,9.19793798836849,8.96199633144692,8.8365368131335,8.80160488744807
"关","Mandarin (Taiwanese)","close","verbs","action_words","關",334,8.10556602297845,8.54042448974177,5.43566748657405,4.03588163111842,3.62983378838503,3.5296397058572
"内裤","Mandarin (Taiwanese)","underpants","nouns","clothing","內褲(三角褲)",3,12.818094727287,10.1622637673573,5.66654924550946,2.09513407295408,1.9001465727137,1.9001465727137
"写","Mandarin (Taiwanese)","write","verbs","action_words","寫",918,7.09450962533466,8.22992575874397,5.87239850025132,4.71640944328971,4.44864724676336,4.39877133572655
"冰 的","Mandarin (Taiwanese)","cold","adjectives","descriptive_words","冰冰的",NA,NA,NA,NA,NA,NA,NA
"冰棒","Mandarin (Taiwanese)","popsicle","nouns","food_drink","冰棒",10,11.6141219229611,12.3615393745961,5.06101697867273,3.63390958876293,3.17541333869081,3.17541333869081
"冰淇淋","Mandarin (Taiwanese)","ice cream","nouns","food_drink","冰淇淋",22,10.8256645625968,12.3966012040855,9.35962660746358,7.74800433228765,7.46585499006282,7.36722203545181
"冰箱","Mandarin (Taiwanese)","refrigerator","nouns","household","冰箱",21,10.8721845782317,10.4114008714333,5.2992890701728,2.72184058323232,2.19911296782756,1.99330686807102
"冷","Mandarin (Taiwanese)","cold","adjectives","descriptive_words","好冷/冷冷的",197,8.63350328721716,9.16098988810487,5.36560819314172,3.93211047862948,3.65734981791112,3.59681777474561
"冷冷的","Mandarin (Taiwanese)","cold","adjectives","descriptive_words","好冷/冷冷的",NA,NA,NA,NA,NA,NA,NA
"冷气","Mandarin (Taiwanese)","air conditioner","nouns","household","冷氣",NA,NA,NA,NA,NA,NA,NA
"凉鞋","Mandarin (Taiwanese)","sandals","nouns","clothing","涼鞋",1,13.9167070159552,8.81057163474115,5,1,0,0
"几个","Mandarin (Taiwanese)","how many","function_words","question_words","幾個？",NA,NA,NA,NA,NA,NA,NA
"几点","Mandarin (Taiwanese)","what time","function_words","question_words","幾點？",NA,NA,NA,NA,NA,NA,NA
"刀子","Mandarin (Taiwanese)","knife","nouns","household","刀子",9,11.7194824386189,12.932665388136,11.2753505702288,11.1964068610282,10.9231366811796,10.8120255700685
"切","Mandarin (Taiwanese)","cut","verbs","action_words","切",53,9.94641510240303,10.3927811826494,6.94715806084021,4.14368830588819,4.01524764698144,4.00421061866594
"刷子","Mandarin (Taiwanese)","brush","nouns","household","刷子",9,11.7194824386189,11.8635446109697,7.9667182168643,5.91380688171887,5.91380688171887,5.80269577060776
"前面","Mandarin (Taiwanese)","front","function_words","locations","前面",146,8.93310039424681,10.2087706221337,6.80014016378643,5.1189939658908,4.76603521891494,4.7203556024547
"剪刀","Mandarin (Taiwanese)","scissors","nouns","household","剪刀",45,10.1100445261848,11.2939042357448,7.90291762421496,6.31420209617242,6.21550073782543,6.19327851560321
"动物","Mandarin (Taiwanese)","animal","nouns","animals","動物",335,8.10257648413008,6.91759769981964,4.41002452872161,2.89172202797329,2.20293693970716,2.0088879665588
"包子","Mandarin (Taiwanese)","bun","nouns","food_drink","包子",13,11.3517576584936,13.0532714522469,8.44691639789412,5.93250074582533,5.54788536120994,5.50288824576985
"南瓜","Mandarin (Taiwanese)","pumpkin","nouns","food_drink","南瓜",63,9.77357228956362,11.0240337595564,7.24624908090107,5.13589603286003,4.69997546617597,4.59149231060041
"卡车","Mandarin (Taiwanese)","truck","nouns","vehicles","卡車",28,10.5845025057799,11.5417203542968,8.3921000068418,6.34105704168098,5.9896287891617,5.9896287891617
"卧室","Mandarin (Taiwanese)","bedroom","nouns","furniture_rooms","臥(房)室",6,12.1249475467271,12.043037145063,6.58074169249613,2.60429699339959,0.597493750120193,0.333333333333333
"卫生纸","Mandarin (Taiwanese)","tissue","nouns","household","衛生紙(面紙)",9,11.7194824386189,12.4672026507862,9.49467717897029,6.65777220142718,5.82492871701349,5.46289405083666
"压","Mandarin (Taiwanese)","push","verbs","action_words","壓",81,9.52225786128271,9.86641201345784,6.17689667652431,4.50122734498811,4.30443419596881,4.26017539966361
"厕所","Mandarin (Taiwanese)","toilet","nouns","furniture_rooms","廁所",20,10.9209747424012,10.3403442461422,4.94791833622736,2.1583322028908,2.1583322028908,2.1583322028908
"厨房","Mandarin (Taiwanese)","kitchen","nouns","furniture_rooms","廚房",27,10.6208701499508,11.5181809890328,7.06891116115632,4.71592420750901,4.22012158307798,4.16704901243813
"去","Mandarin (Taiwanese)","go","verbs","action_words","去",5634,5.28013206751883,5.09233159849701,3.07490100116759,2.21178325828616,1.9745861927385,1.91991602619506
"叉子","Mandarin (Taiwanese)","fork","nouns","household","叉子",43,10.1555069002616,11.8246977079482,9.11804163237752,7.9585361374999,7.27666083927899,7.19328961833199
"口渴","Mandarin (Taiwanese)","thirsty","adjectives","descriptive_words","口渴了/好渴",1,13.9167070159552,8.44708322620965,7.93663793900257,6.12928301694497,6.12928301694497,6.12928301694497
"口香糖","Mandarin (Taiwanese)","gum","nouns","food_drink","口香糖",9,11.7194824386189,10.2483895014607,6.3866525230734,5.15165543897882,4.29172308721879,4.26494440949615
"叫","Mandarin (Taiwanese)","call","verbs","action_words","叫",1567,6.55978877359913,7.04968962816127,4.6294580254711,3.80675502769564,3.5639971529999,3.51361732948209
"可乐","Mandarin (Taiwanese)","coke","nouns","food_drink","可樂",13,11.3517576584936,12.20623170237,10.3690437450233,8.72772075637574,8.35579264381082,8.35579264381082
"可怜","Mandarin (Taiwanese)","poor","adjectives","descriptive_words","可憐的",79,9.54725916348813,8.84826874855161,5.38650324132361,4.07720237190809,3.50630437558182,3.21783624237852
"可是","Mandarin (Taiwanese)","but","function_words","connecting_words","可是",808,7.22214495743405,8.1337106477559,7.86008064665722,7.73934885935027,7.71152162346381,7.71085379924683
"可爱","Mandarin (Taiwanese)","cute","adjectives","descriptive_words","好可愛/可愛的",103,9.28197802772551,8.60166292519573,5.02371208924943,3.50749616467193,3.12488616591667,2.9811746556994
"可爱 的","Mandarin (Taiwanese)","cute","adjectives","descriptive_words","好可愛/可愛的",NA,NA,NA,NA,NA,NA,NA
"叶子","Mandarin (Taiwanese)","leaf","nouns","outside","葉子",70,9.66821177390579,10.2218566922693,6.58766262558971,4.39806883757811,3.84845074925799,3.63481418001514
"吃","Mandarin (Taiwanese)","eat","verbs","action_words","吃",6718,5.10416124578291,5.57177183117217,4.08100592735119,3.18691262535356,2.96731508803653,2.93795204789658
"吊车","Mandarin (Taiwanese)","crane","nouns","vehicles","吊車",5,12.307269103521,10.4726342784075,2.09024222236647,0,0,0
"后来","Mandarin (Taiwanese)","then","function_words","connecting_words","後來",518,7.66673177369567,8.5700823657908,7.8615127624316,7.59626958756537,7.54689124932497,7.52032403495047
"后面","Mandarin (Taiwanese)","back","function_words","locations","後面",360,8.03060298450499,9.12418151358486,6.33717110047935,5.08516653673362,4.72337076203466,4.67594618014405
"向","Mandarin (Taiwanese)","down","function_words","locations","向(往)下",72,9.64004089693909,9.32843274666721,6.04091383870685,5.00878868978843,4.59468870409231,4.52524425964787
"向","Mandarin (Taiwanese)","up","function_words","locations","向(往)上",72,9.64004089693909,9.32843274666721,6.04091383870685,5.00878868978843,4.59468870409231,4.52524425964787
"吞","Mandarin (Taiwanese)","swallow","verbs","action_words","吞",28,10.5845025057799,9.84041883403889,6.2086246372304,4.11785053941441,3.83228283935487,3.83228283935487
"听","Mandarin (Taiwanese)","listen","verbs","action_words","聽",1751,6.4487646836693,6.17303570736999,3.73683784625567,2.39360540057445,2.1653836009113,2.12645006373226
"吵闹 的","Mandarin (Taiwanese)","noisy","adjectives","descriptive_words","好吵/吵鬧的",NA,NA,NA,NA,NA,NA,NA
"吸管","Mandarin (Taiwanese)","straw","nouns","household","吸管",16,11.1441182937154,11.5534253943747,8.70056756310907,6.77367513204912,6.48415836858041,6.4841583685804
"吹","Mandarin (Taiwanese)","blow","verbs","action_words","吹",132,9.03390509336878,9.27390001750877,5.43770274485437,4.51671461786313,4.32118205228006,4.28959171136004
"吹风机","Mandarin (Taiwanese)","dryer","nouns","household","吹風機",6,12.1249475467271,13.2661869103243,12.0899492405089,11.1999742400281,11.0333075733614,11.0333075733614
"告诉","Mandarin (Taiwanese)","tell","verbs","action_words","告訴",901,7.11320175834681,7.79558798759821,5.700671314802,4.78059401377521,4.53198456337745,4.47360871335084
"和","Mandarin (Taiwanese)","and","function_words","connecting_words","和",883,7.13338181535119,7.51185247858039,4.69335355776354,3.47949759920346,3.17014428688252,3.07933400305436
"咖啡","Mandarin (Taiwanese)","coffee","nouns","food_drink","咖啡",37,10.3057891033109,11.0741590007614,7.87835800232081,5.85863500296013,5.67764582118204,5.57002472810698
"咦","Mandarin (Taiwanese)","why","function_words","question_words","咦？",279,8.28549523413379,9.51093827581645,9.19204363571152,9.09224197583726,8.9984903505156,8.98219323775614
"咬","Mandarin (Taiwanese)","bite","verbs","action_words","咬",263,8.34455298377739,9.43300430597228,6.22149872811187,4.69967476308015,4.45109508627228,4.43163350946315
"哪个","Mandarin (Taiwanese)","which","function_words","question_words","哪一個？",170,8.78090857890489,10.3857340146433,7.97914192523318,6.50607723769001,6.10949929991299,6.02903276033912
"哪里","Mandarin (Taiwanese)","where","function_words","question_words","哪裡？",2119,6.25800745768685,4.87822422891101,3.1367820885999,2.15413763462408,1.90102411465929,1.82883368232032
"哭","Mandarin (Taiwanese)","cry","verbs","action_words","哭",326,8.12980963458844,8.89091340629736,4.8794406550384,2.99023884946272,2.73331294487032,2.70718311263814
"喂","Mandarin (Taiwanese)","feed","verbs","action_words","餵",194,8.64884885689182,9.84221662821122,7.3369272474044,6.33554516408438,6.11264986483096,6.06839748080663
"喜欢","Mandarin (Taiwanese)","love","verbs","action_words","喜歡",1064,6.94691634605356,6.64062310735491,4.60324565486893,3.73532945927795,3.55567647527585,3.52466409026862
"喝","Mandarin (Taiwanese)","drink (action)","verbs","action_words","喝",751,7.29530136419102,8.42985186215347,5.94128861696847,4.73956524342236,4.51222024898974,4.49031932425858
"嘴唇","Mandarin (Taiwanese)","lips","nouns","body_parts","嘴唇",4,12.5304126548353,11.6951048346365,6.99579836986482,6.24630245626445,6.24630245626445,6.24630245626445
"嘴巴","Mandarin (Taiwanese)","mouth","nouns","body_parts","嘴巴",286,8.2607152051353,9.85960137168056,6.79911997191595,5.51263339421213,5.23452632503493,5.1624030548857
"因为","Mandarin (Taiwanese)","because","function_words","connecting_words","因為",1227,6.80437957124424,7.65744659354957,7.14778238291606,6.92445189750398,6.84338341470236,6.80843913067957
"围兜","Mandarin (Taiwanese)","bib","nouns","clothing","圍兜(兜)",4,12.5304126548353,13.637123153617,12.2897968101147,12.2897968101147,12.2897968101147,12.2897968101147
"围巾","Mandarin (Taiwanese)","scarf","nouns","clothing","圍巾",6,12.1249475467271,8.35069983764406,1.95237425294435,0.984481765934753,0.597493750120193,0.430827083453526
"图片","Mandarin (Taiwanese)","picture","nouns","household","圖片",53,9.94641510240303,10.9842685229282,8.28634878862538,5.0592909323823,4.51803267324906,4.41085282310118
"土","Mandarin (Taiwanese)","mud","nouns","outside","土/泥土",62,9.78957263091006,8.79054421088857,4.55590790728287,3.12928080791802,2.41770699003188,2.18552743457404
"土司","Mandarin (Taiwanese)","toast","nouns","food_drink","土司",NA,NA,NA,NA,NA,NA,NA
"地板","Mandarin (Taiwanese)","floor","nouns","furniture_rooms","地板",23,10.781212800026,10.0417224734876,6.13888597172711,4.53007717060457,4.11616988919156,4.11616988919156
"坏 的","Mandarin (Taiwanese)","bad","adjectives","descriptive_words","壞的",NA,NA,NA,NA,NA,NA,NA
"坐","Mandarin (Taiwanese)","sit","verbs","action_words","坐",1408,6.66678147923716,7.94353198700409,6.08279680899831,5.22236480929384,5.02991813504924,4.99338085768079
"垃圾","Mandarin (Taiwanese)","garbage","nouns","household","垃圾",493,7.71619784191246,2.98378063076683,1.24421161475156,0.84477587155647,0.778441666458317,0.770861614543173
"垃圾桶","Mandarin (Taiwanese)","trash","nouns","household","垃圾桶",448,7.81191378354017,7.73257316728514,2.93596107941015,2.05254591784847,1.81178556871879,1.7852467517442
"垃圾车","Mandarin (Taiwanese)","truck","nouns","vehicles","垃圾車",NA,NA,NA,NA,NA,NA,NA
"外面","Mandarin (Taiwanese)","out","function_words","locations","外面",844,7.17855452135919,7.22375341854227,4.82670081528727,3.66809750385335,3.46352143097069,3.40601762291632
"多少","Mandarin (Taiwanese)","how much","function_words","question_words","多少？",215,8.54606898782749,8.56694460977623,4.81420557709062,3.74862025946196,3.47456947994164,3.42479223704047
"够 了","Mandarin (Taiwanese)","enough","adjectives","descriptive_words","夠了",NA,NA,NA,NA,NA,NA,NA
"大","Mandarin (Taiwanese)","big","adjectives","descriptive_words","大的",6284,5.17094501657964,4.97677088839639,3.10015915849888,2.35040507309609,2.10642375954968,2.04852512507318
"大声","Mandarin (Taiwanese)","loud","adjectives","descriptive_words","大聲",43,10.1555069002616,11.3927605947653,8.28307646420071,7.54956182355813,7.32988806175294,7.29044634516899
"大象","Mandarin (Taiwanese)","elephant","nouns","animals","大象",309,8.18336573905741,8.63051341494706,6.09577559518374,5.06057919557,4.7214256674319,4.657689946187
"天空","Mandarin (Taiwanese)","sky","nouns","outside","天空",79,9.54725916348813,10.1107905553773,5.72750929529112,3.76250205254892,3.43878704001446,3.27577158111855
"太多","Mandarin (Taiwanese)","over","adjectives","descriptive_words","太多了",NA,NA,NA,NA,NA,NA,NA
"太阳","Mandarin (Taiwanese)","sun","nouns","outside","太陽",304,8.19967931454893,9.38784897649812,7.40833019955683,6.53241621106546,6.20213139779694,6.13749033379474
"头","Mandarin (Taiwanese)","head","nouns","body_parts","頭",1017,6.99209461990659,5.99208105733456,3.45787659939784,2.55757645802522,2.30413038603421,2.26283468438279
"头发","Mandarin (Taiwanese)","hair","nouns","body_parts","頭髮",155,8.8732818990359,8.33909530617878,4.9261781668658,3.41034639584338,3.17432887449519,3.15595470090451
"夹","Mandarin (Taiwanese)","pinch","verbs","action_words","夾",146,8.93310039424681,9.42642289662327,6.8354193566435,5.55402439270398,5.17836025649215,5.12460685302259
"夹克","Mandarin (Taiwanese)","jacket","nouns","clothing","夾克(外套)",1,13.9167070159552,14.4863951084507,7.5077946401987,7.2667865406949,7.2667865406949,7.2667865406949
"好","Mandarin (Taiwanese)","yes","verbs","action_words","是/對/好",12693,4.46790107656697,5.10094090620577,3.98435487296134,3.44767436087188,3.27995697300943,3.22590484520195
"好 了","Mandarin (Taiwanese)","finish","verbs","action_words","好了",NA,NA,NA,NA,NA,NA,NA
"好 吵","Mandarin (Taiwanese)","noisy","adjectives","descriptive_words","好吵/吵鬧的",NA,NA,NA,NA,NA,NA,NA
"好 的","Mandarin (Taiwanese)","fine","adjectives","descriptive_words","好的",NA,NA,NA,NA,NA,NA,NA
"好 臭","Mandarin (Taiwanese)","sticky","adjectives","descriptive_words","好臭/臭臭的",NA,NA,NA,NA,NA,NA,NA
"好 饱","Mandarin (Taiwanese)","full","adjectives","descriptive_words","飽了/好飽",NA,NA,NA,NA,NA,NA,NA
"好 饿","Mandarin (Taiwanese)","hungry","adjectives","descriptive_words","餓了/好餓",NA,NA,NA,NA,NA,NA,NA
"好不好","Mandarin (Taiwanese)","is that okay?","function_words","question_words","好不好？",2330,6.1630834693954,6.90499447006782,4.63842729785205,3.192166255926,2.50869139295627,2.25442504625448
"好吃","Mandarin (Taiwanese)","yum yum","adjectives","descriptive_words","很好吃/好吃的",338,8.09366112047213,8.88152873701271,6.52314985893097,5.65459817130721,5.44499117696336,5.42502531532725
"好吃 的","Mandarin (Taiwanese)","yum yum","adjectives","descriptive_words","很好吃/好吃的",NA,NA,NA,NA,NA,NA,NA
"好多","Mandarin (Taiwanese)","much","function_words","quantifiers","好多",491,7.72026288816063,8.0159746531153,5.88169904460885,4.72800786653405,4.42198868017168,4.36575521439304
"好快","Mandarin (Taiwanese)","fast","adjectives","descriptive_words","好快/快的",NA,NA,NA,NA,NA,NA,NA
"好慢","Mandarin (Taiwanese)","slow","adjectives","descriptive_words","好慢/慢慢的",NA,NA,NA,NA,NA,NA,NA
"好棒","Mandarin (Taiwanese)","good","adjectives","descriptive_words","好棒",1,13.9167070159552,17.5013940477935,17.5013940477935,17.5013940477935,17.5013940477935,17.5013940477935
"好渴","Mandarin (Taiwanese)","thirsty","adjectives","descriptive_words","口渴了/好渴",NA,NA,NA,NA,NA,NA,NA
"好痛","Mandarin (Taiwanese)","hurt","adjectives","descriptive_words","好痛/痛痛的",NA,NA,NA,NA,NA,NA,NA
"好软","Mandarin (Taiwanese)","soft","adjectives","descriptive_words","好軟/軟軟的",NA,NA,NA,NA,NA,NA,NA
"好辣","Mandarin (Taiwanese)","spicy","adjectives","descriptive_words","好辣/辣辣的",NA,NA,NA,NA,NA,NA,NA
"好酸","Mandarin (Taiwanese)","sour","adjectives","descriptive_words","好酸/酸酸的",NA,NA,NA,NA,NA,NA,NA
"好重","Mandarin (Taiwanese)","heavy","adjectives","descriptive_words","好重/重重的",NA,NA,NA,NA,NA,NA,NA
"如果","Mandarin (Taiwanese)","if","function_words","connecting_words","如果",327,8.1267468450579,9.74024694661564,8.3005233138115,7.68974174390855,7.51989184439685,7.46213421607033
"娃娃","Mandarin (Taiwanese)","doll","nouns","toys","娃娃(洋娃娃)",162,8.82911068072277,9.68088068960865,7.37670666068363,5.66570920335366,5.04038087607742,4.94378321588655
"娃娃车","Mandarin (Taiwanese)","stroller","nouns","vehicles","娃娃車(手推車)",NA,NA,NA,NA,NA,NA,NA
"婴儿床","Mandarin (Taiwanese)","crib","nouns","furniture_rooms","嬰兒床",NA,NA,NA,NA,NA,NA,NA
"孔雀","Mandarin (Taiwanese)","peacock","nouns","animals","孔雀",40,10.2278275618412,11.8730803099948,8.78453484351363,7.77182925043255,7.306454635066,7.24409803030527
"安静","Mandarin (Taiwanese)","quiet","adjectives","descriptive_words","安靜的",202,8.60843931855395,7.02193199116526,2.37100677699682,1.22522891365471,1.045223219085,0.994473229857118
"客厅","Mandarin (Taiwanese)","living room","nouns","furniture_rooms","客廳",17,11.0834936718989,11.5509114068132,7.65671843163268,5.73601113879686,5.22340846128709,5.22340846128709
"害怕","Mandarin (Taiwanese)","scared","adjectives","descriptive_words","害怕的(好恐怖)",751,7.29530136419102,6.97472337483864,4.22497941420445,2.81444150314294,2.33255410604638,2.24508232962776
"对","Mandarin (Taiwanese)","yes","verbs","action_words","是/對/好",6420,5.14953361927114,5.92477559626418,4.93872224125657,4.41987861501757,4.24988869193684,4.18846635742084
"小","Mandarin (Taiwanese)","small","adjectives","descriptive_words","小的",8511,4.86759229247819,5.66331757612114,4.52582050971247,3.74558099594306,3.44229099233242,3.3620964196708
"小 ㄐ ㄐ","Mandarin (Taiwanese)","penis","nouns","body_parts","小ㄐㄐ/小鳥(生殖器)",NA,NA,NA,NA,NA,NA,NA
"小心","Mandarin (Taiwanese)","careful","adjectives","descriptive_words","小心",255,8.37544347079672,9.69870084710337,8.18435208353486,7.60985991137196,7.51664094254443,7.49976378022941
"小熊","Mandarin (Taiwanese)","teddybear","nouns","animals","小熊(泰迪熊)",NA,NA,NA,NA,NA,NA,NA
"小狗","Mandarin (Taiwanese)","dog","nouns","animals","小狗(汪汪)",NA,NA,NA,NA,NA,NA,NA
"小猫","Mandarin (Taiwanese)","cat","nouns","animals","小貓(喵喵)",NA,NA,NA,NA,NA,NA,NA
"小羊","Mandarin (Taiwanese)","sheep","nouns","animals","小羊(咩咩)",NA,NA,NA,NA,NA,NA,NA
"小鸟","Mandarin (Taiwanese)","bird","nouns","animals","小鳥",NA,NA,NA,NA,NA,NA,NA
"小鸟","Mandarin (Taiwanese)","penis","nouns","body_parts","小ㄐㄐ/小鳥(生殖器)",NA,NA,NA,NA,NA,NA,NA
"小鸡","Mandarin (Taiwanese)","chicken (animal)","nouns","animals","小雞",NA,NA,NA,NA,NA,NA,NA
"尿布","Mandarin (Taiwanese)","diaper","nouns","clothing","尿布",10,11.6141219229611,10.2846961616733,3.75175092772447,1.40540955205507,0.158496250072116,0.1
"屁股","Mandarin (Taiwanese)","butt","nouns","body_parts","屁股",63,9.77357228956362,10.9908482881085,7.19264085484368,5.75900950973086,5.49696390595257,5.37387045353728
"巧克力","Mandarin (Taiwanese)","chocolate","nouns","food_drink","巧克力",36,10.333188077499,11.7388775308043,9.13032376689421,8.00350305829033,7.66644954912654,7.64024353602561
"布丁","Mandarin (Taiwanese)","pudding","nouns","food_drink","布丁",11,11.5188117431568,10.0517424650819,7.90128728391886,5.84512140563143,5.59467708725293,5.59467708725293
"布鞋","Mandarin (Taiwanese)","sneaker","nouns","clothing","布鞋(運動鞋)",2,13.2235598353952,13.1559828412673,9.25069702389677,8.75069702389677,8.75069702389677,8.75069702389677
"带","Mandarin (Taiwanese)","bring","verbs","action_words","帶",941,7.06976387636977,6.54081302000913,4.18884092118897,3.01862573720982,2.63136772185588,2.5559680560241
"帮忙","Mandarin (Taiwanese)","help","verbs","action_words","幫忙",63,9.77357228956362,10.0373502156655,4.70097156519045,2.47302982069544,2.17356810708838,2.13671210558223
"帽子","Mandarin (Taiwanese)","hat","nouns","clothing","帽子",82,9.5099877686909,10.3990841336193,6.81313652050678,5.3862287197333,5.13196713632547,5.06804326137177
"干 的","Mandarin (Taiwanese)","dry (description)","adjectives","descriptive_words","乾乾的",NA,NA,NA,NA,NA,NA,NA
"干净","Mandarin (Taiwanese)","clean (description)","adjectives","descriptive_words","乾淨的",141,8.96794712557698,6.32060850913559,3.6032281960759,2.35342162980113,1.9812566710314,1.91916527030684
"床","Mandarin (Taiwanese)","bed","nouns","furniture_rooms","床",366,8.01407368255378,6.81149312680403,4.3766836438006,2.84096869371031,2.25945102015287,2.18851431401223
"彩色笔","Mandarin (Taiwanese)","crayon","nouns","toys","彩色筆",4,12.5304126548353,12.0948223981059,10.5773709714056,10.5773709714056,10.5773709714056,10.5773709714056
"很多","Mandarin (Taiwanese)","much","function_words","quantifiers","很多",15,11.2086568148529,12.3980205997144,9.00902400612152,6.14235922830026,5.91802610718164,5.77336444041882
"微波炉","Mandarin (Taiwanese)","oven","nouns","furniture_rooms","微波爐",NA,NA,NA,NA,NA,NA,NA
"快 一点","Mandarin (Taiwanese)","hurry","verbs","action_words","快點/快一點",NA,NA,NA,NA,NA,NA,NA
"快 的","Mandarin (Taiwanese)","fast","adjectives","descriptive_words","好快/快的",NA,NA,NA,NA,NA,NA,NA
"快乐 的","Mandarin (Taiwanese)","happy","adjectives","descriptive_words","快樂的/高興的",NA,NA,NA,NA,NA,NA,NA
"快点","Mandarin (Taiwanese)","hurry","verbs","action_words","快點/快一點",691,7.37856719218748,8.48016743086388,7.61382399305871,7.26724347991144,7.17568643623049,7.1614533702295
"快点","Mandarin (Taiwanese)","quickly","adjectives","descriptive_words","快一點",691,7.37856719218748,8.48016743086388,7.61382399305871,7.26724347991144,7.17568643623049,7.1614533702295
"怎么","Mandarin (Taiwanese)","how","function_words","question_words","怎麼(辦)？",3994,5.62415850197939,6.72347575610813,5.10475944335915,4.31261597383247,4.1098605889949,4.06994738224474
"想","Mandarin (Taiwanese)","think","verbs","action_words","想",3400,5.7851763053509,6.68711816183098,4.88016163565311,4.0937664894135,3.90349175444582,3.86580654550071
"慢慢 的","Mandarin (Taiwanese)","slow","adjectives","descriptive_words","好慢/慢慢的",NA,NA,NA,NA,NA,NA,NA
"房间","Mandarin (Taiwanese)","room","nouns","furniture_rooms","房間",456,7.79421420644076,7.19542598102417,3.46779816073141,2.0550951289871,1.65038785745007,1.55338793112072
"所以","Mandarin (Taiwanese)","so","function_words","connecting_words","所以",1036,6.97358459313572,7.92024400242723,7.35786284208514,7.10559936166116,7.02158469318987,6.99054396318309
"手","Mandarin (Taiwanese)","hand","nouns","body_parts","手",1208,6.81998563746039,6.84485736329469,4.73867451872411,3.5721674155616,3.2768335016695,3.22822393760109
"手套","Mandarin (Taiwanese)","mittens","nouns","clothing","手套",35,10.3613589544657,10.8451609472531,5.70329754039399,3.94676630239352,3.39891522024362,3.19926348907242
"手指","Mandarin (Taiwanese)","finger","nouns","body_parts","手指(手指頭)",65,9.74231974605951,9.51353864439908,5.77906387815795,2.94650361769655,2.33511078427167,2.18397593381337
"手机","Mandarin (Taiwanese)","phone","nouns","household","手機",27,10.6208701499508,11.217325084018,6.34666595236711,4.21062593374798,3.71991100365313,3.71991100365313
"手枪","Mandarin (Taiwanese)","gun","nouns","toys","手槍",27,10.6208701499508,11.2497353010563,8.10711408192911,6.30686022490386,5.90650585030868,5.86946881327165
"手臂","Mandarin (Taiwanese)","arm","nouns","body_parts","手臂",62,9.78957263091006,9.87811740056021,3.48904029906814,2.74224282252912,2.30839467561164,2.25259739144007
"打","Mandarin (Taiwanese)","hit","verbs","action_words","打",874,7.14362664029962,8.37028400388401,5.67479094709213,4.21324241088053,3.76713721500544,3.70731598334741
"打开","Mandarin (Taiwanese)","open (action)","verbs","action_words","打開",310,8.18013471847596,9.35399033746096,7.21024221325488,6.09956491155864,5.82131898253638,5.7523148812811
"打破","Mandarin (Taiwanese)","break","verbs","action_words","打破",NA,NA,NA,NA,NA,NA,NA
"打雷","Mandarin (Taiwanese)","thunder","nouns","outside","打雷",25,10.6978311910869,11.1580855787079,8.95094665299494,7.47416917991934,7.28841493232835,7.24841493232835
"扣子","Mandarin (Taiwanese)","button","nouns","clothing","扣子",3,12.818094727287,13.6772182261345,9.07458075090719,4.15254579366392,1.96896353186951,1.77397603162912
"扫地","Mandarin (Taiwanese)","sweep","verbs","action_words","掃地",NA,NA,NA,NA,NA,NA,NA
"扫把","Mandarin (Taiwanese)","broom","nouns","household","掃把",12,11.4318003661672,11.2226999325861,9.55142547324789,8.41530460130906,8.08197126797573,8.08197126797573
"抓","Mandarin (Taiwanese)","catch","verbs","action_words","抓",663,7.41993202576929,8.06211741606131,4.75028056819747,3.59430036038645,3.22668109538475,3.14616950536409
"投","Mandarin (Taiwanese)","throw","verbs","action_words","投",13,11.3517576584936,11.6191129964161,8.75504058331482,7.77913919104896,7.60052933759609,7.44668318374994
"披萨","Mandarin (Taiwanese)","pizza","nouns","food_drink","披薩",6,12.1249475467271,14.174811079807,11.2713526288709,8.50111504323637,7.92610955646386,7.45821706945426
"抱","Mandarin (Taiwanese)","hug","verbs","action_words","抱(抱)",390,7.95056027683146,8.96185128718617,6.25684537148807,5.14193961550646,4.85944476374398,4.81012800529089
"抽屉","Mandarin (Taiwanese)","drawer","nouns","furniture_rooms","抽屜",98,9.33173953728458,10.9649996732764,7.43526504735416,5.54138740704399,4.95391336163045,4.79552184783069
"拉","Mandarin (Taiwanese)","pull","verbs","action_words","拉",199,8.62340219123066,9.44637908209089,6.23320746837931,5.05507591885639,4.84366365580791,4.76882580388524
"拉链","Mandarin (Taiwanese)","zipper","nouns","clothing","拉鍊",3,12.818094727287,14.5678610422048,12.7562961026121,12.7562961026121,12.7562961026121,12.7562961026121
"拍","Mandarin (Taiwanese)","clap","verbs","action_words","拍(手)",497,7.70811698985852,8.85920994201808,6.12793544122748,4.87797669266967,4.56585972504101,4.52395320727543
"拔","Mandarin (Taiwanese)","pull","verbs","action_words","拔",91,9.4058475094383,10.3964214073185,7.15922326981988,6.08178794200191,5.81557325894268,5.77873498684404
"拖把","Mandarin (Taiwanese)","mop","nouns","household","拖把",4,12.5304126548353,13.7776014685209,12.3528416560158,11.3323043956773,11.1247856460379,11.1247856460379
"拖鞋","Mandarin (Taiwanese)","slipper","nouns","clothing","拖鞋",24,10.7386531856072,8.98037025256585,5.77355149983025,3.90352157423367,3.4795663374628,3.43789967079614
"拼图","Mandarin (Taiwanese)","puzzle","nouns","toys","拼圖",7,11.9707968668998,13.6640422345644,9.15500566378217,7.31243668852716,7.0562097131889,6.75399868212891
"拿","Mandarin (Taiwanese)","take","verbs","action_words","拿",2979,5.91736406324187,6.51753604255207,4.81776056966061,3.89610748377033,3.6213884547701,3.56740266924754
"指甲","Mandarin (Taiwanese)","nail","nouns","body_parts","指甲",9,11.7194824386189,10.3648269104338,3.16760236829861,1.94459933864373,1.94459933864373,1.94459933864373
"按","Mandarin (Taiwanese)","press","verbs","action_words","按",128,9.06467675203553,10.1804682587264,7.47106609514135,5.95434370036302,5.55176989162573,5.53041556083968
"捏","Mandarin (Taiwanese)","pinch","verbs","action_words","捏",36,10.333188077499,10.5942972686461,7.57645275892804,6.39902523406363,6.28173655569317,6.25867891684435
"捡","Mandarin (Taiwanese)","pick up","verbs","action_words","撿",186,8.69096034224195,9.98889965573074,6.97576959367956,5.70357647352112,5.21261338174621,5.17315182259092
"掉","Mandarin (Taiwanese)","drop","verbs","action_words","掉",1513,6.59485730216679,5.64889774608998,3.10440265104434,2.17329487162232,1.92763636825211,1.88638477428709
"排","Mandarin (Taiwanese)","stand","verbs","action_words","排(東西)",112,9.19820814466006,9.98669144692937,7.46646309186461,5.87750438375338,5.58143271227896,5.49083266830626
"推","Mandarin (Taiwanese)","push","verbs","action_words","推",89,9.42807064622301,10.8400839263933,7.44761603726796,6.14457935804862,5.94236620864706,5.87054241737988
"握手","Mandarin (Taiwanese)","hold","verbs","action_words","握手",2,13.2235598353952,5.2637385030302,4.19615871138938,2.19615871138938,0,0
"搔痒","Mandarin (Taiwanese)","tickle","verbs","action_words","搔癢",NA,NA,NA,NA,NA,NA,NA
"摇","Mandarin (Taiwanese)","shake","verbs","action_words","搖",65,9.74231974605951,10.3116566201112,6.24652435821396,4.91889888371517,4.79186214767375,4.79186214767375
"摸","Mandarin (Taiwanese)","touch","verbs","action_words","摸",306,8.19312191400277,9.86340936451675,6.53116933140389,5.52779478619536,5.29893751008625,5.23548305752237
"撕","Mandarin (Taiwanese)","tear","verbs","action_words","撕",111,9.20717681464282,9.30594877935501,5.38991633386205,3.46490484402764,3.05168011870002,3.0088432943562
"撞","Mandarin (Taiwanese)","hit","verbs","action_words","碰/撞",74,9.61264192275098,10.7035333519386,6.83956964545849,5.71632260564628,5.43657329772786,5.43657329772786
"擦","Mandarin (Taiwanese)","wipe","verbs","action_words","擦",281,8.27835234662141,9.34312810373684,6.64834153014202,5.14224382054906,4.77836116868754,4.72739345304737
"收音机","Mandarin (Taiwanese)","radio","nouns","household","收音機/音響",4,12.5304126548353,12.0854667092559,8.55334589787982,7.88823572155849,7.78447634673878,7.78447634673878
"放","Mandarin (Taiwanese)","put","verbs","action_words","放",2270,6.1891719054797,7.37709606376521,5.42705098149559,4.41543426330787,4.14578250640837,4.07852597825786
"救护车","Mandarin (Taiwanese)","ambulance","nouns","vehicles","救護車",8,11.8372654742753,12.5194315389046,9.7625397686662,6.64929839248597,5.91782976230896,5.91782976230896
"散步","Mandarin (Taiwanese)","walk","verbs","action_words","走/散步",10,11.6141219229611,9.48527171661851,3.93667758708325,2.49837061926593,1.98317030992143,1.98317030992143
"数数","Mandarin (Taiwanese)","count","verbs","action_words","數數",42,10.1790373976718,11.5013969558747,10.149586422568,9.58408850330634,9.53073116760387,9.53073116760387
"敲","Mandarin (Taiwanese)","knock","verbs","action_words","敲",112,9.19820814466006,10.222786697038,7.07904711163117,5.53733060463829,5.17513829051205,5.14683538871346
"斑马","Mandarin (Taiwanese)","zebra","nouns","animals","斑馬",30,10.515509634293,12.0476937126052,9.58743443944781,8.36342549219168,8.17110853140729,8.13777519807396
"新","Mandarin (Taiwanese)","new","adjectives","descriptive_words","新的",92,9.39491843890611,10.4209821433809,6.40234424519064,3.3984683695284,2.48701192277586,2.37684116966603
"旁边","Mandarin (Taiwanese)","by","function_words","locations","旁邊",299,8.21626344256446,6.8925123029479,4.2775990979812,2.93339134216344,2.36526294625616,2.27634179156433
"旗子","Mandarin (Taiwanese)","flag","nouns","outside","旗子",5,12.307269103521,12.2740116684394,7.40642865536983,6.78905206180254,6.78905206180254,6.78905206180254
"时钟","Mandarin (Taiwanese)","clock","nouns","household","時鐘(鬧鐘)",3,12.818094727287,14.1037149859413,10.6751945795113,7.48519678606014,7.48519678606014,7.48519678606014
"星星","Mandarin (Taiwanese)","star","nouns","outside","星星",276,8.296306150238,7.99237165921919,5.89503775754962,4.34517902885514,3.99521464573785,3.91212434753504
"是","Mandarin (Taiwanese)","yes","verbs","action_words","是/對/好",20857,3.97126211365852,3.81449688634509,2.71405654924817,2.15084066920739,1.9682601585972,1.92622659742774
"晒","Mandarin (Taiwanese)","hang","verbs","action_words","曬",39,10.2531453698255,9.90501487043751,5.67261429875927,3.8529682019274,3.34509508605377,3.1003689189711
"暗","Mandarin (Taiwanese)","dark","adjectives","descriptive_words","暗暗的",5,12.307269103521,5.80232589255467,1.71397112166619,1.24958550268872,1.04958550268872,1.04958550268872
"更 多","Mandarin (Taiwanese)","more","function_words","quantifiers","更多",NA,NA,NA,NA,NA,NA,NA
"月亮","Mandarin (Taiwanese)","moon","nouns","outside","月亮",94,9.37341223368515,11.0721307319854,9.34024912635159,8.46211956647776,7.81168039084768,7.63551113769214
"机器人","Mandarin (Taiwanese)","robot","nouns","toys","機器人",121,9.12091647035841,10.6590018959123,8.74856965015478,7.56121244530312,6.95337960053532,6.86311893807795
"机车","Mandarin (Taiwanese)","motorcycle","nouns","vehicles","機車(摩托車)",NA,NA,NA,NA,NA,NA,NA
"来","Mandarin (Taiwanese)","come","verbs","action_words","來",6818,5.0893855632573,5.48756906298089,3.93922973742947,3.31488061894118,3.13166798976819,3.09575882205825
"杯子","Mandarin (Taiwanese)","cup","nouns","household","杯子",102,9.29173420267088,10.2656540809739,7.01470088568826,4.45086655155175,3.78604453525583,3.61067479033378
"松鼠","Mandarin (Taiwanese)","squirrel","nouns","animals","松鼠",88,9.43937020147694,8.25831484522688,6.13634359009833,4.76853495437324,4.33676532181324,4.270980057978
"枕头","Mandarin (Taiwanese)","pillow","nouns","household","枕頭",26,10.6586104779337,12.076395645842,8.24524850959986,6.31590586920111,5.91625719702982,5.91625719702982
"果冻","Mandarin (Taiwanese)","jelly","nouns","food_drink","果凍",6,12.1249475467271,12.0933851223061,7.17401261204179,3.07067934198855,2.29993086450392,2.20243711438372
"果汁","Mandarin (Taiwanese)","juice","nouns","food_drink","果汁",35,10.3613589544657,10.1156208626881,7.80736802023576,7.1708616061482,6.99723830337532,6.99723830337532
"果酱","Mandarin (Taiwanese)","jam","nouns","food_drink","果醬",5,12.307269103521,11.4454329379325,6.81045967524758,3.20390945879322,2.19943589618752,2.19943589618752
"柜子","Mandarin (Taiwanese)","cupboard","nouns","furniture_rooms","櫃子",95,9.36283012435461,9.92320072582823,6.90397348849297,5.03579260454458,4.54604834574302,4.42525575365049
"柠檬","Mandarin (Taiwanese)","lemon","nouns","food_drink","檸檬",18,11.026335258059,12.5698985336121,10.1292065268974,9.12058435034333,9.06064040333055,9.00508484777499
"柳丁","Mandarin (Taiwanese)","orange (food)","nouns","food_drink","柳丁",2,13.2235598353952,15.107605064014,8.75069702389677,8.75069702389677,8.75069702389677,8.75069702389677
"树","Mandarin (Taiwanese)","tree","nouns","outside","樹",1793,6.42506154235002,4.97700021539206,3.00541444342439,2.1444041389706,1.87505660999649,1.8147754637289
"桌子","Mandarin (Taiwanese)","table","nouns","furniture_rooms","桌子",1252,6.78420946429511,4.78710390753895,3.45241581558442,2.43348874507056,2.12631988546113,2.06434722952308
"梨子","Mandarin (Taiwanese)","pear","nouns","food_drink","梨子",22,10.8256645625968,12.1390150707965,9.24745953672766,7.71942194451887,7.47279418002024,7.43929574392178
"梯子","Mandarin (Taiwanese)","ladder","nouns","outside","梯子",237,8.44864687482002,5.17544587477508,2.94649088548276,2.16553476234905,1.95385067086636,1.91956573043563
"梳子","Mandarin (Taiwanese)","comb (object)","nouns","household","梳子",18,11.026335258059,13.2299217700162,9.84167630139125,7.8661258291913,7.41354721495247,6.97699271522316
"棍子","Mandarin (Taiwanese)","stick","nouns","outside","棍子",19,10.9722680367887,12.1924655639925,9.67009052197147,7.6629524843363,7.08235476874389,6.89367253186383
"棒棒糖","Mandarin (Taiwanese)","lollipop","nouns","food_drink","棒棒糖",12,11.4318003661672,13.5163027099313,11.2437932057109,10.0962159665115,10.0938352038284,10.0938352038284
"椅子","Mandarin (Taiwanese)","chair","nouns","furniture_rooms","椅子",153,8.88626909456272,9.94110273044087,6.32945274943546,4.51389578248317,3.85606662190237,3.77772492166496
"楼梯","Mandarin (Taiwanese)","stairs","nouns","furniture_rooms","樓梯",73,9.62624757480676,9.9503234692519,6.84414258868007,5.25778081937039,4.63989368541581,4.61249642514184
"樱桃","Mandarin (Taiwanese)","cherry","nouns","food_drink","櫻桃",81,9.52225786128271,10.632391174234,8.72544309340196,7.60668379040775,7.3781957081707,7.2949828596991
"橘子","Mandarin (Taiwanese)","tangerine","nouns","food_drink","橘子",50,10.004684010527,11.0983956528803,7.25656439082424,4.98579923577335,4.35601906749857,4.29905912936747
"母鸡","Mandarin (Taiwanese)","hen","nouns","animals","母雞",3,12.818094727287,15.0038556146225,12.8917378125195,11.0009293651957,11.0009293651957,11.0009293651957
"毛巾","Mandarin (Taiwanese)","towel","nouns","household","毛巾",51,9.98488138323082,9.74931486787999,5.51760529177178,3.75744283392205,3.51366086689131,3.30439762489187
"毛衣","Mandarin (Taiwanese)","sweater","nouns","clothing","毛衣",38,10.2791208562288,10.7872006531971,5.61336352846735,3.05161722977131,2.21763254627845,1.77693341983834
"毯子","Mandarin (Taiwanese)","blanket","nouns","household","毯子(被子)",6,12.1249475467271,14.1516874513671,8.33130377832849,3.84772609141912,2.91689900796559,2.91689900796559
"气球","Mandarin (Taiwanese)","balloon","nouns","toys","氣球",92,9.39491843890611,10.3201909221597,7.98228403660888,6.49153114324194,5.63008955671756,5.52439671509756
"水","Mandarin (Taiwanese)","water (beverage)","nouns","food_drink","水(茶茶)",686,7.38582938822926,6.02535486469991,3.25110994238598,1.96934705656657,1.73668067805803,1.68531077472627
"水果","Mandarin (Taiwanese)","fruit","nouns","food_drink","水果",258,8.36374743103353,9.31219642333584,6.16465012612997,4.44137430730482,3.86081731305525,3.69249841037906
"水桶","Mandarin (Taiwanese)","bucket","nouns","household","水桶",NA,NA,NA,NA,NA,NA,NA
"水槽","Mandarin (Taiwanese)","sink","nouns","furniture_rooms","水槽(洗手檯)",NA,NA,NA,NA,NA,NA,NA
"水管","Mandarin (Taiwanese)","pipe","nouns","outside","水管",NA,NA,NA,NA,NA,NA,NA
"水饺","Mandarin (Taiwanese)","dumpling","nouns","food_drink","水餃",3,12.818094727287,15.7836773785216,15.1816175459568,12.0009293651957,12.0009293651957,12.0009293651957
"汉堡","Mandarin (Taiwanese)","hamburger","nouns","food_drink","漢堡",67,9.71201439656418,11.3119489025708,8.59051082397054,6.83590912297449,6.26700361581618,6.14327963645507
"汤","Mandarin (Taiwanese)","soup","nouns","food_drink","湯",282,8.27479994501704,7.34623806784978,4.89115045974598,3.81661147560692,3.5633489446086,3.55271064673626
"汤匙","Mandarin (Taiwanese)","spoon","nouns","household","湯匙",40,10.2278275618412,11.2575844122516,8.40777487410322,6.96573964041217,6.77817713189894,6.77817713189894
"汽水","Mandarin (Taiwanese)","soda","nouns","food_drink","汽水",4,12.5304126548353,9.58680380269625,6.3627992557362,4.94234324574276,3.89986199538218,3.89986199538218
"汽车","Mandarin (Taiwanese)","car","nouns","vehicles","汽車(車車、ㄅㄨㄅㄨ)",226,8.49617201668286,8.87692572879438,6.474593672881,4.99344490263475,4.53760604822865,4.46966900230335
"沙发","Mandarin (Taiwanese)","couch","nouns","furniture_rooms","沙發",230,8.47862770703196,8.21773487318468,5.35894592151396,3.63419801130136,3.06812410114741,2.94641496865134
"沙子","Mandarin (Taiwanese)","sand","nouns","outside","沙子",NA,NA,NA,NA,NA,NA,NA
"没有","Mandarin (Taiwanese)","none","function_words","quantifiers","沒半個/沒有",2568,6.0658243511453,6.62111548518518,5.01956374853246,4.2515541509038,4.0640146982785,4.0252298739088
"没有","Mandarin (Taiwanese)","none","function_words","quantifiers","沒半個/沒有",2568,6.0658243511453,6.62111548518518,5.01956374853246,4.2515541509038,4.0640146982785,4.0252298739088
"泡泡","Mandarin (Taiwanese)","bubbles","nouns","toys","泡泡",217,8.53680966241469,4.5032979995671,2.20609784715848,1.26302664783479,1.1032702044093,0.984259974323073
"泥土","Mandarin (Taiwanese)","mud","nouns","outside","土/泥土",17,11.0834936718989,10.622923294558,4.73558565480123,2.41111656687682,2.09633554891956,1.68829802309588
"泳衣","Mandarin (Taiwanese)","swimsuit","nouns","clothing","泳衣",NA,NA,NA,NA,NA,NA,NA
"洋芋片","Mandarin (Taiwanese)","potato chip","nouns","food_drink","洋芋片",NA,NA,NA,NA,NA,NA,NA
"洗","Mandarin (Taiwanese)","wash","verbs","action_words","洗",688,7.38291817802181,8.90006328018093,6.85839272138903,5.72963379855233,5.49911699935921,5.46110028293297
"洗衣机","Mandarin (Taiwanese)","washing machine","nouns","furniture_rooms","洗衣機",10,11.6141219229611,12.6171251465404,9.46072821267203,8.44975701688126,8.1690215246755,8.1690215246755
"流","Mandarin (Taiwanese)","run","verbs","action_words","流(鼻涕)",56,9.89135532522,10.7090752570075,6.98729322173277,5.44876911120337,5.16231350921518,5.11615346455944
"浴室","Mandarin (Taiwanese)","bathroom","nouns","furniture_rooms","浴室",185,8.69635119087683,10.2313399963528,9.09190418939276,8.74334019439015,8.64117915158036,8.58642590987846
"浴缸","Mandarin (Taiwanese)","bathtub","nouns","furniture_rooms","浴缸",5,12.307269103521,11.6663661216345,6.45323364800678,3.19456231031121,0.961470984411521,0.833985000288462
"海豚","Mandarin (Taiwanese)","dolphin","nouns","animals","海豚",10,11.6141219229611,12.4342104824006,9.89240864762707,7.63970204903195,6.7352626370961,6.6352626370961
"消防车","Mandarin (Taiwanese)","firetruck","nouns","vehicles","消防車",NA,NA,NA,NA,NA,NA,NA
"湿","Mandarin (Taiwanese)","wet","adjectives","descriptive_words","濕濕的",17,11.0834936718989,10.9887891501767,4.34243851094605,3.28760463494491,3.00481905129446,3.00481905129446
"溜滑梯","Mandarin (Taiwanese)","slide (object)","nouns","outside","溜滑梯",2,13.2235598353952,11.4153455081832,6.76080021986186,3.56464150847248,3.56464150847248,3.56464150847248
"滑","Mandarin (Taiwanese)","slide (action)","verbs","action_words","滑",29,10.5494111859687,11.113065337896,7.22123335471242,6.22958987102857,6.02321424662823,6.00304312591371
"满 的","Mandarin (Taiwanese)","full","adjectives","descriptive_words","滿滿的",NA,NA,NA,NA,NA,NA,NA
"漂亮","Mandarin (Taiwanese)","pretty","adjectives","descriptive_words","好漂亮/漂亮的",391,7.94799945596978,7.53334615561281,4.40632589079609,3.08462065327732,2.79248387180299,2.72377204797341
"漂亮 的","Mandarin (Taiwanese)","pretty","adjectives","descriptive_words","好漂亮/漂亮的",NA,NA,NA,NA,NA,NA,NA
"火腿","Mandarin (Taiwanese)","ham","nouns","food_drink","火腿",2,13.2235598353952,13.5310300601061,7.86325544215426,5.28207474499287,5.03506047223841,5.03506047223841
"火车","Mandarin (Taiwanese)","train","nouns","vehicles","火車",139,8.98223308282446,10.386269745402,7.48885720740823,5.97673445324844,5.62462329726089,5.53297019934885
"点心","Mandarin (Taiwanese)","snack","nouns","food_drink","點心",19,10.9722680367887,11.7969761428571,9.09328886760365,7.22704859897237,7.04641646329434,7.04641646329434
"烫","Mandarin (Taiwanese)","hot","adjectives","descriptive_words","好燙/燙燙的",100,9.31153682996706,9.96536115577486,7.38707394499135,6.63968841076457,6.57815212588198,6.57815212588198
"烫烫 的","Mandarin (Taiwanese)","hot","adjectives","descriptive_words","好燙/燙燙的",NA,NA,NA,NA,NA,NA,NA
"热","Mandarin (Taiwanese)","hot","adjectives","descriptive_words","好熱/熱熱的",122,9.11268597122189,9.59267670396858,6.03946345534324,4.2350005128621,4.02633113118047,4.01674158198832
"热热 的","Mandarin (Taiwanese)","hot","adjectives","descriptive_words","好熱/熱熱的",NA,NA,NA,NA,NA,NA,NA
"煮","Mandarin (Taiwanese)","cook","verbs","action_words","煮",108,9.23457578883093,10.7818443628779,7.88824776927177,6.57032661163396,6.29655569258681,6.25567571574164
"爆米花","Mandarin (Taiwanese)","popcorn","nouns","food_drink","爆米花",1,13.9167070159552,14.3482440399778,10.0126245388651,3.32192809488736,3,3
"爬","Mandarin (Taiwanese)","climb","verbs","action_words","爬",302,8.20627999858028,9.67900619687179,6.72679477303765,5.40301400824327,5.03967574637711,4.962855639275
"牙刷","Mandarin (Taiwanese)","toothbrush","nouns","household","牙刷",4,12.5304126548353,14.510463075388,8.64693764907706,8.64693764907706,8.64693764907706,8.64693764907706
"牙膏","Mandarin (Taiwanese)","toothpaste","nouns","household","牙膏",2,13.2235598353952,7.29482557325739,3.45344529780426,3.44132152468092,1.79248125036058,1
"牙齿","Mandarin (Taiwanese)","tooth","nouns","body_parts","牙齒",52,9.96546329737372,10.7728355532248,6.67729073133586,5.2874001742952,5.09758546814936,5.09758546814936
"牛","Mandarin (Taiwanese)","cow","nouns","animals","牛(哞)",106,9.25326792184308,9.53445680052248,7.16817667434294,6.40253494008575,6.18992016510177,6.14720862314943
"牛奶","Mandarin (Taiwanese)","milk","nouns","food_drink","牛奶(ㄋㄟㄋㄟ)",66,9.72705227392873,10.1390673143561,7.18237170472208,5.85555100189334,5.62895401972002,5.62895401972002
"狮子","Mandarin (Taiwanese)","lion","nouns","animals","獅子",236,8.45287521092954,9.15345159164742,7.26968193702574,5.77261172880212,5.07723947652435,4.96304409204199
"狼","Mandarin (Taiwanese)","wolf","nouns","animals","狼(大野狼)",69,9.68260051135789,4.9922324027486,2.80589783655457,1.96889668506179,1.86055524609093,1.80885900561667
"猪","Mandarin (Taiwanese)","pig","nouns","animals","豬",236,8.45287521092954,8.32743438589528,6.79780003136726,5.70796950728893,5.42154350591373,5.35326812790693
"猫头鹰","Mandarin (Taiwanese)","owl","nouns","animals","貓頭鷹",93,9.38410752280189,10.8454642809969,9.43024314530071,8.76774267227418,8.5578992937263,8.53504412295121
"猴子","Mandarin (Taiwanese)","monkey","nouns","animals","猴子",125,9.08839327865285,8.17149518085824,6.16930474271463,5.13089659567366,4.80049453714799,4.7070399448282
"玉米","Mandarin (Taiwanese)","corn","nouns","food_drink","玉米",42,10.1790373976718,12.1631736952628,10.0997047386832,8.76344842218813,8.30979726957365,8.16240980179189
"玩","Mandarin (Taiwanese)","play","verbs","action_words","玩",2192,6.22413736788724,6.79550797205563,4.56847705617619,3.14135792321865,2.71734513385801,2.65408019667397
"玩具","Mandarin (Taiwanese)","toy (object)","nouns","toys","玩具",315,8.16413437712952,8.58117295051579,6.14074480724404,4.27323621068354,3.43573950427688,3.24523054722036
"玻璃","Mandarin (Taiwanese)","glasses","nouns","household","玻璃(玻璃杯)",43,10.1555069002616,10.8472616233938,5.98069701671693,4.75624360267282,4.49038466309432,4.46651321631848
"珠珠","Mandarin (Taiwanese)","beads","nouns","clothing","珠珠",NA,NA,NA,NA,NA,NA,NA
"球","Mandarin (Taiwanese)","ball","nouns","toys","球",721,7.3360678786702,7.98639524786401,6.08851209317656,4.78347380150104,4.34807763317498,4.22837680787204
"球棒","Mandarin (Taiwanese)","bat","nouns","toys","球棒",NA,NA,NA,NA,NA,NA,NA
"瓶子","Mandarin (Taiwanese)","bottle","nouns","household","瓶子",30,10.515509634293,11.016944318252,6.75531271320423,4.10378867708443,2.87227868021547,2.76154774371923
"甜","Mandarin (Taiwanese)","sweet","adjectives","descriptive_words","甜甜的",50,10.004684010527,10.3274484852709,5.59720356584061,4.32494579922674,4.15968511111006,4.11968511111006
"甜甜 圈","Mandarin (Taiwanese)","donut","nouns","food_drink","甜甜圈",NA,NA,NA,NA,NA,NA,NA
"生气","Mandarin (Taiwanese)","angry","adjectives","descriptive_words","生氣的",267,8.3294583575549,8.16612345798039,4.94156760828933,3.61319995022361,3.44876431633392,3.4219957585626
"生病","Mandarin (Taiwanese)","sick","adjectives","descriptive_words","生病了",33,10.4201994544887,10.324338347674,5.69283986609504,3.81908512667479,3.38523270466314,3.38523270466314
"电梯","Mandarin (Taiwanese)","elevator","nouns","furniture_rooms","電梯",10,11.6141219229611,13.0370380147331,10.1065966481424,8.92333761095818,8.66484136088607,8.66484136088607
"电灯","Mandarin (Taiwanese)","lamp","nouns","household","電燈",NA,NA,NA,NA,NA,NA,NA
"电视","Mandarin (Taiwanese)","TV","nouns","household","電視",276,8.296306150238,7.40472149775378,4.43008304652458,2.96547032993209,2.62184122766158,2.5153830759058
"电脑","Mandarin (Taiwanese)","computer","nouns","furniture_rooms","電腦",35,10.3613589544657,11.4149483142631,7.47658530658321,5.03820522092427,4.581377433104,4.48646520182151
"电话","Mandarin (Taiwanese)","telephone","nouns","household","電話",201,8.61340210789607,7.36958483362761,3.88943235111258,2.69273482718338,2.32101301725626,2.30242114862856
"电锅","Mandarin (Taiwanese)","pot","nouns","household","電鍋",3,12.818094727287,11.8799210877816,9.63535313207813,8.15946578603016,8.11762215866888,8.02111995293722
"电风扇","Mandarin (Taiwanese)","fan","nouns","household","電風扇",19,10.9722680367887,10.6136315397713,6.79869711466941,5.62519430461239,5.4891436466797,5.43651206773233
"画画","Mandarin (Taiwanese)","draw","verbs","action_words","畫畫",159,8.84780281373492,10.3148182653349,8.47030919997569,7.51964268948995,7.27008042451272,7.26011210689812
"痛痛 的","Mandarin (Taiwanese)","hurt","adjectives","descriptive_words","好痛/痛痛的",NA,NA,NA,NA,NA,NA,NA
"白色","Mandarin (Taiwanese)","white","adjectives","descriptive_words","白色的",53,9.94641510240303,11.6469966756945,9.14296935406098,7.5159468895013,6.76606693643466,6.59668429636863
"皮包","Mandarin (Taiwanese)","purse","nouns","household","皮包",NA,NA,NA,NA,NA,NA,NA
"皮带","Mandarin (Taiwanese)","belt","nouns","clothing","皮帶",NA,NA,NA,NA,NA,NA,NA
"皮鞋","Mandarin (Taiwanese)","shoe","nouns","clothing","皮鞋",4,12.5304126548353,7.49478807855936,4.77158913712868,4.37534851194839,4.37534851194839,4.37534851194839
"盒子","Mandarin (Taiwanese)","box","nouns","household","盒子",297,8.22297487715245,8.73071470460836,6.52951672199955,4.70310685908272,3.81047595597544,3.54466084135928
"盘子","Mandarin (Taiwanese)","plate","nouns","household","盤子",29,10.5494111859687,11.6619790617592,8.08914408081542,6.47995825406228,6.26146803055125,6.23214513672026
"直升机","Mandarin (Taiwanese)","helicopter","nouns","vehicles","直昇機",3,12.818094727287,14.7764058609031,14.1554374896194,14.1554374896194,14.1554374896194,14.1554374896194
"相机","Mandarin (Taiwanese)","camera","nouns","household","相機",17,11.0834936718989,12.1566672097433,7.29729543981338,5.18948373718484,4.88537050180588,4.88537050180588
"眉毛","Mandarin (Taiwanese)","eyebrow","nouns","body_parts","眉毛",18,11.026335258059,12.4588931239181,10.1895189212515,8.72866039871221,8.52691630755066,8.52691630755066
"看","Mandarin (Taiwanese)","look","verbs","action_words","看",11118,4.60038632044174,4.63537022884134,3.57312207132311,2.97797945053986,2.78861364575477,2.73671495290308
"眼睛","Mandarin (Taiwanese)","eye","nouns","body_parts","眼睛",455,7.7964095970042,8.47613848697454,5.31904358399184,4.03102981126834,3.66352167115315,3.56480882314502
"眼镜","Mandarin (Taiwanese)","glasses","nouns","household","眼鏡",45,10.1100445261848,10.2686505910993,6.09646122710052,4.67660463158957,4.37575253922238,4.37575253922238
"睡衣","Mandarin (Taiwanese)","pajamas","nouns","clothing","睡衣(褲)",167,8.7987132035384,4.32972171100035,1.31165104000843,0.384977047198998,0.335600411249146,0.32961238729705
"短裤","Mandarin (Taiwanese)","shorts","nouns","clothing","短褲",8,11.8372654742753,10.4895579002552,8.33289435260419,7.04491011279834,6.69399074754114,6.63331239414486
"石头","Mandarin (Taiwanese)","rock (object)","nouns","outside","石頭",61,9.80583315178184,11.146518827075,8.2238716559081,6.98141248547344,6.53384024446676,6.49146381002871
"破 了","Mandarin (Taiwanese)","broken","adjectives","descriptive_words","破了/破掉了",NA,NA,NA,NA,NA,NA,NA
"破掉 了","Mandarin (Taiwanese)","broken","adjectives","descriptive_words","破了/破掉了",NA,NA,NA,NA,NA,NA,NA
"硬 的","Mandarin (Taiwanese)","hard","adjectives","descriptive_words","好硬/硬硬的",NA,NA,NA,NA,NA,NA,NA
"硬硬 的","Mandarin (Taiwanese)","hard","adjectives","descriptive_words","好硬/硬硬的",NA,NA,NA,NA,NA,NA,NA
"碗","Mandarin (Taiwanese)","bowl","nouns","household","碗",213,8.55541485024573,9.41207127028569,5.79113644139571,3.99610515364576,3.37039834559109,3.22033070026498
"碰","Mandarin (Taiwanese)","hit","verbs","action_words","碰/撞",154,8.87975441354152,9.09143660654419,5.53254613970919,4.13176783755338,3.79892713587603,3.76391208767617
"礼物","Mandarin (Taiwanese)","present","nouns","toys","禮物",49,10.0248867178445,9.77326385571339,4.91974907206871,2.35849218168161,1.68410464417235,1.40344381465086
"秋千","Mandarin (Taiwanese)","swing (object)","nouns","outside","鞦韆",17,11.0834936718989,9.07246033729328,6.48129969215243,4.52788713387315,4.34076423776439,4.11094714390507
"积木","Mandarin (Taiwanese)","block","nouns","toys","積木",127,9.07251992949656,9.02974671213387,6.39372022539177,4.80453754599075,4.2232139907254,4.12648404430513
"稀饭","Mandarin (Taiwanese)","porridge","nouns","food_drink","稀飯",10,11.6141219229611,12.5029169683508,7.72784109559181,4.8046811095541,4.10106374829875,4.10106374829875
"空 的","Mandarin (Taiwanese)","empty","adjectives","descriptive_words","空空的",NA,NA,NA,NA,NA,NA,NA
"穿","Mandarin (Taiwanese)","wear","verbs","action_words","穿",449,7.8096841282129,8.27416943341949,5.2854416021123,3.93557088629972,3.6522255590056,3.61234384275703
"窗户","Mandarin (Taiwanese)","window","nouns","furniture_rooms","窗戶",129,9.05689461159348,10.03985840759,6.96419949047609,5.35332302877298,4.82853490538433,4.74927248232959
"站","Mandarin (Taiwanese)","stand","verbs","action_words","站",492,7.71822829946284,8.29461146887725,6.63421248394957,5.84695071603422,5.29102045749155,5.06077513668342
"笑","Mandarin (Taiwanese)","smile (action)","verbs","action_words","笑",281,8.27835234662141,8.072095805498,4.18561252232638,3.03085895088626,2.80269916881734,2.74980152947236
"笔","Mandarin (Taiwanese)","pen","nouns","toys","筆",315,8.16413437712952,8.45516740868782,6.60680366748366,5.46534050021715,4.99301765224325,4.92042391155394
"第一","Mandarin (Taiwanese)","first","adjectives","descriptive_words","第一/第一名",204,8.59858702211093,9.77398385769484,6.81504180324359,5.67124868463895,5.44806872249524,5.3848630776918
"第一名","Mandarin (Taiwanese)","first","adjectives","descriptive_words","第一/第一名",NA,NA,NA,NA,NA,NA,NA
"筷子","Mandarin (Taiwanese)","chopsticks","nouns","household","筷子",151,8.89942717914023,9.75369099350943,7.38958437801873,6.26609701495011,5.94670681048728,5.92938528187433
"篮子","Mandarin (Taiwanese)","basket","nouns","household","籃子",36,10.333188077499,12.2591495429397,8.64050215566583,6.87354482506106,6.63425319557905,6.56514781108699
"糖","Mandarin (Taiwanese)","sugar","nouns","food_drink","糖",106,9.25326792184308,8.93307764435186,6.22585767311648,4.34150610672719,3.66522258563578,3.61663052097128
"糖果","Mandarin (Taiwanese)","candy","nouns","food_drink","糖果",39,10.2531453698255,10.4935684925221,6.313564904433,3.2932612013868,2.80840172835216,2.66439887708826
"累","Mandarin (Taiwanese)","tired","adjectives","descriptive_words","好累/累了",133,9.0263578877334,10.0995994130563,6.36344531948525,4.79068413801649,4.63138233804574,4.60882594706829
"累 了","Mandarin (Taiwanese)","tired","adjectives","descriptive_words","好累/累了",NA,NA,NA,NA,NA,NA,NA
"红","Mandarin (Taiwanese)","carrot","nouns","food_drink","紅(白)蘿蔔",353,8.05023895902185,9.42448409648662,7.22779206925407,5.79857539745868,5.41482181238807,5.33286985306429
"红绿灯","Mandarin (Taiwanese)","traffic light","nouns","outside","紅綠燈",11,11.5188117431568,12.8146705036532,9.41833069106383,7.5638822247189,7.17019769624381,7.17019769624381
"红色","Mandarin (Taiwanese)","red","adjectives","descriptive_words","紅紅的/紅色的",146,8.93310039424681,10.5838736751442,8.24970299476908,6.9744132531507,6.66937124954824,6.58305012346113
"红色 的","Mandarin (Taiwanese)","red","adjectives","descriptive_words","紅紅的/紅色的",NA,NA,NA,NA,NA,NA,NA
"纸","Mandarin (Taiwanese)","paper","nouns","household","紙",258,8.36374743103353,8.15318999600617,5.11495370239407,3.22822290555656,2.70139564049667,2.55582603168672
"绑","Mandarin (Taiwanese)","tie","verbs","action_words","綁",60,9.82236245373305,10.5389007211496,6.6607463402462,4.99982786901034,4.56096020361787,4.52479478692716
"给","Mandarin (Taiwanese)","give","verbs","action_words","給",4734,5.45418122588122,6.04261723468438,4.23768985880515,3.20587541194776,2.90156999975993,2.82161033096902
"绵羊","Mandarin (Taiwanese)","sheep","nouns","animals","綿羊",31,10.48271981147,10.750970115777,9.41311493088038,8.95041002980161,8.9504100298016,8.9504100298016
"绿色","Mandarin (Taiwanese)","green","adjectives","descriptive_words","綠色的",105,9.26274666579763,10.6399655343815,7.90189914670244,6.53265922951512,6.28906863655247,6.1991521887119
"罐子","Mandarin (Taiwanese)","jar","nouns","household","罐子",14,11.2776496863399,8.5464648725206,3.89659504693513,2.66932755431719,2.58201380993602,2.58201380993602
"翘翘板","Mandarin (Taiwanese)","seesaw (object)","nouns","outside","翹翹板",1,13.9167070159552,11.0980320829605,7,7,7,7
"老虎","Mandarin (Taiwanese)","tiger","nouns","animals","老虎",127,9.07251992949656,9.24051531953761,7.29434128281115,6.1147222741797,5.52759405738438,5.44186391298657
"老鼠","Mandarin (Taiwanese)","mouse","nouns","animals","老鼠",283,8.27126011831191,7.25319120624401,5.58879437459176,4.28530462924822,3.82318122965185,3.75620549778574
"耳朵","Mandarin (Taiwanese)","ear","nouns","body_parts","耳朵",122,9.11268597122189,10.0990090264585,6.71145020015489,5.03663294885387,4.64063008935442,4.50414352821101
"肉","Mandarin (Taiwanese)","meat","nouns","food_drink","肉",168,8.79274303655189,7.81305195183463,4.82149220969976,3.47492807100373,3.15645828773161,3.10905665604129
"肚子","Mandarin (Taiwanese)","tummy","nouns","body_parts","肚子",101,9.30158649911389,11.2354420226434,7.5587843747616,5.99956619622654,5.60447615463215,5.59429779447205
"肚脐","Mandarin (Taiwanese)","belly button","nouns","body_parts","肚臍",4,12.5304126548353,12.2259259447405,7.14766446086611,6.66902896427883,6.56526958945912,6.56526958945912
"肥皂","Mandarin (Taiwanese)","soap","nouns","household","肥皂",17,11.0834936718989,11.4744854237483,7.60819469740208,6.82767560666369,6.61000268206716,6.61000268206716
"肩膀","Mandarin (Taiwanese)","shoulder","nouns","body_parts","肩膀",12,11.4318003661672,13.1976783936631,6.7915760363377,5.18929491645886,4.61758939491576,4.59076205367515
"肮脏 的","Mandarin (Taiwanese)","dirty","adjectives","descriptive_words","髒髒的/骯髒的",NA,NA,NA,NA,NA,NA,NA
"背","Mandarin (Taiwanese)","back","nouns","body_parts","背",176,8.746223020917,10.1450269682883,7.05922521615196,5.70391687333766,5.24771856756722,5.17679237896045
"背心","Mandarin (Taiwanese)","vest","nouns","clothing","背心",6,12.1249475467271,8.93326231245963,4.56224756609183,1.77155943667993,1.19498750024039,1.02832083357372
"胶水","Mandarin (Taiwanese)","glue","nouns","toys","膠水",NA,NA,NA,NA,NA,NA,NA
"胸部","Mandarin (Taiwanese)","breast","nouns","body_parts","胸部(ㄋㄟㄋㄟ)",NA,NA,NA,NA,NA,NA,NA
"脏","Mandarin (Taiwanese)","dirty","adjectives","descriptive_words","髒髒的/骯髒的",139,8.98223308282446,9.37692165846114,5.15112795243039,3.94660598506401,3.64050212445469,3.60520075326326
"脖子","Mandarin (Taiwanese)","neck","nouns","body_parts","脖子",40,10.2278275618412,11.0556330527122,7.28119449325165,5.56652388126326,5.23206262244245,5.1613107474785
"脚","Mandarin (Taiwanese)","foot","nouns","body_parts","腳",601,7.51811208141994,7.75189906199196,4.79247934557371,3.51334040055994,3.14377762121701,3.07439614640066
"脚趾头","Mandarin (Taiwanese)","toe","nouns","body_parts","腳趾頭",8,11.8372654742753,11.0046331466343,6.69533030135008,5.76427273874805,5.51427273874805,5.51427273874805
"脚踏车","Mandarin (Taiwanese)","bicycle","nouns","vehicles","腳踏車",16,11.1441182937154,9.0207778575719,6.61300012896463,5.76503828969743,5.72891733758323,5.72891733758323
"脱","Mandarin (Taiwanese)","take","verbs","action_words","脫",61,9.80583315178184,8.83697787600288,5.84030117500664,4.46086811337434,4.29672046506166,4.21438656648742
"脸","Mandarin (Taiwanese)","face","nouns","body_parts","臉",353,8.05023895902185,5.33193874059998,2.77181248984268,1.76308997485984,1.58070133899606,1.56251343021717
"膝盖","Mandarin (Taiwanese)","knee","nouns","body_parts","膝蓋",6,12.1249475467271,13.0069391835785,7.95821577353619,7.95821577353619,7.95821577353619,7.95821577353619
"臭臭 的","Mandarin (Taiwanese)","sticky","adjectives","descriptive_words","好臭/臭臭的",NA,NA,NA,NA,NA,NA,NA
"舌头","Mandarin (Taiwanese)","tongue","nouns","body_parts","舌頭",72,9.64004089693909,10.617303754241,7.12500888544299,5.83368895610968,5.48459059651258,5.36299493676031
"船","Mandarin (Taiwanese)","boat","nouns","vehicles","船",99,9.32158716582056,9.99199505737063,6.43582952449629,4.74307610016853,4.21711075970116,4.13845417525569
"芭乐","Mandarin (Taiwanese)","guava","nouns","food_drink","芭樂",NA,NA,NA,NA,NA,NA,NA
"花","Mandarin (Taiwanese)","flower","nouns","outside","花",948,7.06235251370013,5.85555025507836,3.86403969819679,2.72917879050776,2.46593398885142,2.40228615790467
"花园","Mandarin (Taiwanese)","garden","nouns","outside","花園",21,10.8721845782317,12.7104679823381,5.5362081601214,3.99777988561561,3.72123917504144,3.72123917504144
"花生","Mandarin (Taiwanese)","peanut","nouns","food_drink","花生",17,11.0834936718989,13.4372829678562,11.3218432076696,10.023325047759,9.77855919786366,9.66091213904013
"苍蝇","Mandarin (Taiwanese)","fly","nouns","animals","蒼蠅",89,9.42807064622301,8.69323062391346,6.35761763139093,5.1366268736267,4.68920504679982,4.68263243443217
"苦 的","Mandarin (Taiwanese)","bitter","adjectives","descriptive_words","好苦/苦苦的",NA,NA,NA,NA,NA,NA,NA
"苦苦 的","Mandarin (Taiwanese)","bitter","adjectives","descriptive_words","好苦/苦苦的",NA,NA,NA,NA,NA,NA,NA
"苹果","Mandarin (Taiwanese)","apple","nouns","food_drink","蘋果",1656,6.50454668100995,6.6741759675687,4.66741909557122,3.54661144267656,3.17159195021266,3.04941427223095
"茶","Mandarin (Taiwanese)","tea","nouns","food_drink","茶",58,9.85626400540873,5.97806929882258,3.24514364148808,2.50158158989307,2.31079768750303,2.31079768750303
"草","Mandarin (Taiwanese)","grass","nouns","outside","草",145,8.93997327353458,8.97958660877843,5.51223997680483,3.91229072178983,3.56785717699309,3.50623789015048
"草莓","Mandarin (Taiwanese)","strawberry","nouns","food_drink","草莓",161,8.83530265097069,10.5594960704861,8.37667594898452,7.26567925207212,6.95144235415291,6.8783820858372
"药","Mandarin (Taiwanese)","medicine","nouns","household","藥",33,10.4201994544887,9.70828840155,5.48326670464432,3.51394822883756,3.23820472357844,3.11768108953299
"菠菜","Mandarin (Taiwanese)","spinach","nouns","food_drink","菠菜",25,10.6978311910869,12.0292398134598,10.4154392445916,8.8090235230419,8.5756604458773,8.4488634458196
"葡萄","Mandarin (Taiwanese)","grape","nouns","food_drink","葡萄",183,8.70722086311373,9.81573533757624,7.21200435978312,6.0626520872732,5.35644362566972,5.27822299772228
"葡萄干","Mandarin (Taiwanese)","raisin","nouns","food_drink","葡萄乾",NA,NA,NA,NA,NA,NA,NA
"蓝色","Mandarin (Taiwanese)","blue","adjectives","descriptive_words","藍藍的/藍色的",54,9.92772296939088,10.4201399443888,7.28759753977744,5.72925941614294,5.16394664358455,5.0766458006648
"蓝色 的","Mandarin (Taiwanese)","blue","adjectives","descriptive_words","藍藍的/藍色的",NA,NA,NA,NA,NA,NA,NA
"蔬菜","Mandarin (Taiwanese)","vegetable","nouns","food_drink","蔬菜",94,9.37341223368515,10.0120844033083,7.61746907423241,6.53203315315093,6.36564651892131,6.31783519774653
"蕃茄","Mandarin (Taiwanese)","tomato","nouns","food_drink","蕃茄",NA,NA,NA,NA,NA,NA,NA
"薯条","Mandarin (Taiwanese)","french fries","nouns","food_drink","薯條",3,12.818094727287,12.9297913082296,8.17428833458913,1.63563019853617,1.63563019853617,1.63563019853617
"藏","Mandarin (Taiwanese)","hide","verbs","action_words","藏",544,7.61775776909921,4.89631593134216,2.30163638511211,1.51606327594855,1.28326466002898,1.17597376869915
"虫子","Mandarin (Taiwanese)","bug","nouns","animals","蟲蟲",129,9.05689461159348,9.0460310703825,6.03578735890149,4.06647799256629,3.38736645302142,3.21372199972179
"蚂蚁","Mandarin (Taiwanese)","ant","nouns","animals","螞蟻",144,8.94689371637915,9.2388041245347,6.72760198236677,5.36535396003952,4.93536396124266,4.89849903717956
"蚊子","Mandarin (Taiwanese)","mosquito","nouns","animals","蚊子",39,10.2531453698255,11.7517557397654,8.10282277842087,6.45185893971308,6.02135715058652,5.87815298390136
"蛇","Mandarin (Taiwanese)","snake","nouns","animals","蛇",70,9.66821177390579,10.6523713787056,7.71706549256414,5.69152828189825,5.28042993343746,5.22010322737796
"蛋","Mandarin (Taiwanese)","egg","nouns","food_drink","蛋",75,9.59921890241884,8.30489011960507,5.22534729299344,3.18569511636983,2.53335678934007,2.47573108140824
"蛋糕","Mandarin (Taiwanese)","cake","nouns","food_drink","蛋糕",110,9.21622665016274,9.17651318842171,5.79026137978288,3.81248487182792,3.26843347099097,3.19430955104459
"蜗牛","Mandarin (Taiwanese)","snail","nouns","animals","蝸牛",18,11.026335258059,12.9905898382246,9.79018441452784,7.88762598418566,7.71151903966109,7.71151903966109
"蜘蛛","Mandarin (Taiwanese)","spider","nouns","animals","蜘蛛",597,7.52478990256255,8.28720826499784,7.05092168024442,6.50722596841661,6.29428260033385,6.26662803583749
"蜜蜂","Mandarin (Taiwanese)","bee","nouns","animals","蜜蜂(ㄨㄥㄨㄥ)",194,8.64884885689182,8.98465834858425,7.03826333001661,6.09472388404595,5.66660628441978,5.62277530239991
"蜡笔","Mandarin (Taiwanese)","crayon","nouns","toys","蠟筆",21,10.8721845782317,13.01460018227,10.2245871806791,9.26994421010003,9.14067764909347,8.9366108767667
"蝴蝶","Mandarin (Taiwanese)","butterfly","nouns","animals","蝴蝶",118,9.14602239148949,9.99451864009393,7.25990724770821,5.78689981767686,5.25006435145596,5.13027020496355
"螃蟹","Mandarin (Taiwanese)","crab","nouns","animals","螃蟹",33,10.4201994544887,12.2358679702244,8.59386758333843,7.10696136510557,6.58953374664305,6.40176413413385
"蟑螂","Mandarin (Taiwanese)","cockroach","nouns","animals","蟑螂",93,9.38410752280189,9.46774725985908,6.5422754722716,4.42807637424195,4.02244953791364,3.8694514874782
"衣橱","Mandarin (Taiwanese)","wardrobe","nouns","furniture_rooms","衣櫥",14,11.2776496863399,11.9033762003261,6.13105305204102,3.01929007680786,2.53104375487726,2.41783214768289
"衣物","Mandarin (Taiwanese)","shirt","nouns","clothing","衣物",NA,NA,NA,NA,NA,NA,NA
"袋子","Mandarin (Taiwanese)","bag","nouns","household","袋子",21,10.8721845782317,12.2282264845423,8.5790030890518,4.899350314664,2.96901370053967,2.6180978048413
"袜子","Mandarin (Taiwanese)","sock","nouns","clothing","襪子",19,10.9722680367887,12.1127948232116,8.73494942026449,6.61049381619841,6.22160716836595,6.11634401047121
"裙子","Mandarin (Taiwanese)","dress (object)","nouns","clothing","裙子",37,10.3057891033109,9.57135342408728,5.85382474963772,3.57827618944655,3.23112278600354,3.19711435369025
"裤子","Mandarin (Taiwanese)","pants","nouns","clothing","褲子",55,9.90937383072268,10.4501009442672,7.02884900276237,4.83160171745458,4.49104397609998,4.32324727263642
"西瓜","Mandarin (Taiwanese)","melon","nouns","food_drink","西瓜",150,8.9060717218589,10.4006120972225,7.84793864270023,6.35177595365904,5.99509995369926,5.9451542663904
"要","Mandarin (Taiwanese)","wanna","verbs","action_words","要",9928,4.71359268907071,4.60246666578431,3.38266421341915,2.82029015432427,2.69541151977988,2.66834793492255
"计程车","Mandarin (Taiwanese)","taxi","nouns","vehicles","計程車",11,11.5188117431568,11.5079125257005,8.22276896965977,6.48864012553845,6.41819163059616,6.13001663046504
"讨厌","Mandarin (Taiwanese)","hate","verbs","action_words","討厭",197,8.63350328721716,5.83849429290809,1.99746989177001,1.64707369144255,1.58145371413977,1.54718586239737
"讨厌 的","Mandarin (Taiwanese)","yucky","adjectives","descriptive_words","討厭的",NA,NA,NA,NA,NA,NA,NA
"记","Mandarin (Taiwanese)","remember","verbs","action_words","記",82,9.5099877686909,10.5370309721289,7.2758189256764,5.7042230688345,5.40017768987426,5.32222259935257
"说话","Mandarin (Taiwanese)","say","verbs","action_words","說話",253,8.38331752722763,9.22863558279052,5.98820615882211,4.37848065841162,3.96228065694065,3.87414149481264
"谁","Mandarin (Taiwanese)","who","function_words","question_words","誰？",2026,6.30288833114652,6.59326455285352,5.23225430765163,4.40822470697757,4.1804539416546,4.1069269201011
"豆子","Mandarin (Taiwanese)","peas","nouns","food_drink","豆子",12,11.4318003661672,12.8233622156131,10.57394612147,7.91886381143534,7.60926660278426,7.60926660278426
"豆浆","Mandarin (Taiwanese)","soy milk","nouns","food_drink","豆漿",9,11.7194824386189,11.7019525801648,7.67402170883951,6.28819359942314,5.57194290721319,5.57194290721319
"贴纸","Mandarin (Taiwanese)","sticker","nouns","toys","貼紙",42,10.1790373976718,11.8239765299059,8.65350175928107,6.96316414194539,6.10268485695461,5.82685241646125
"走","Mandarin (Taiwanese)","walk","verbs","action_words","走/散步",1268,6.77151088095798,6.86737252660444,3.82469741192323,2.76668778392375,2.46803162298054,2.39719844572536
"走开","Mandarin (Taiwanese)","away","function_words","locations","走開",6,12.1249475467271,12.9433867304101,9.82319650967089,8.10627803449071,7.8683744972016,7.8683744972016
"起司","Mandarin (Taiwanese)","cheese","nouns","food_drink","起司(乳酪)",1,13.9167070159552,7.63662462054365,5.16992500144231,5.16992500144231,5.16992500144231,5.16992500144231
"跌倒","Mandarin (Taiwanese)","fall","verbs","action_words","跌倒",NA,NA,NA,NA,NA,NA,NA
"跑","Mandarin (Taiwanese)","run","verbs","action_words","跑",650,7.43973465306547,7.78605516382118,4.71355784433443,3.56585107226365,3.20276381877026,3.14705064505791
"跳","Mandarin (Taiwanese)","jump","verbs","action_words","跳",502,7.69810689626342,7.97555523858911,4.77967081237148,3.22037256002864,2.93247236846558,2.88972342560749
"踢","Mandarin (Taiwanese)","kick","verbs","action_words","踢",405,7.91281994884861,6.45357639500065,3.74147732014319,2.90625729724464,2.74467374873679,2.71694620122064
"蹲","Mandarin (Taiwanese)","squat","verbs","action_words","蹲",54,9.92772296939088,11.1574251755728,8.0653459725598,6.56077260636269,6.05677302773574,5.7303366873203
"软软 的","Mandarin (Taiwanese)","soft","adjectives","descriptive_words","好軟/軟軟的",NA,NA,NA,NA,NA,NA,NA
"辣辣的","Mandarin (Taiwanese)","spicy","adjectives","descriptive_words","好辣/辣辣的",NA,NA,NA,NA,NA,NA,NA
"过来","Mandarin (Taiwanese)","come","function_words","locations","過來",575,7.5623369751578,6.82436732941612,4.03040707422326,3.29222555027518,3.05892478953162,3.00873599947543
"还","Mandarin (Taiwanese)","also","function_words","quantifiers","還有",4822,5.43576295721403,6.46242120096937,5.29521720219856,4.79997531304021,4.67689721730619,4.64646350007781
"这个","Mandarin (Taiwanese)","this","function_words","quantifiers","這個",1295,6.75044104182151,8.21957303378505,6.85905464780699,6.18440788733456,6.01376056722227,5.98342554033497
"这些","Mandarin (Taiwanese)","these","function_words","quantifiers","這些",898,7.11653694765295,8.03377793535173,6.43010933914864,5.5502710991238,5.3228061813341,5.25493817947245
"这里","Mandarin (Taiwanese)","here","function_words","locations","在這裡",2240,6.20247587110607,6.78671142377062,5.63838592814803,4.96579862162026,4.79331465906111,4.75026272072245
"遥控器","Mandarin (Taiwanese)","remote control","nouns","household","遙控器",5,12.307269103521,14.4219753598279,12.6866223390314,11.0417452519709,9.86685142838766,9.54985892824343
"那个","Mandarin (Taiwanese)","that","function_words","quantifiers","那個",742,7.30735777278777,8.94546852693499,6.69222829974794,5.46132864183735,5.2410445431296,5.1855116525045
"那些","Mandarin (Taiwanese)","those","function_words","quantifiers","那些",278,8.28908590226451,7.01732268336835,4.60579586767711,3.90356601605386,3.72914027623746,3.66481338003893
"那里","Mandarin (Taiwanese)","there","function_words","locations","在那裡",659,7.42598348145264,6.36967164149838,3.65100932705754,2.68189571761895,2.44646538830288,2.39198855744943
"酱油","Mandarin (Taiwanese)","soy sauce","nouns","food_drink","醬油",9,11.7194824386189,10.712800983659,8.20810032938694,5.94705372223793,5.94705372223793,5.94705372223793
"酸酸的","Mandarin (Taiwanese)","sour","adjectives","descriptive_words","好酸/酸酸的",1,13.9167070159552,17.5013940477935,17.5013940477935,17.5013940477935,17.5013940477935,17.5013940477935
"醒 了","Mandarin (Taiwanese)","awake","adjectives","descriptive_words","醒了/醒著",NA,NA,NA,NA,NA,NA,NA
"醒 着","Mandarin (Taiwanese)","awake","adjectives","descriptive_words","醒了/醒著",NA,NA,NA,NA,NA,NA,NA
"里面","Mandarin (Taiwanese)","in","function_words","locations","裡面",2006,6.31280904743327,5.44346059658282,3.71723530182544,2.7898810769804,2.43829746884367,2.35701948818365
"重重的","Mandarin (Taiwanese)","heavy","adjectives","descriptive_words","好重/重重的",NA,NA,NA,NA,NA,NA,NA
"钉子","Mandarin (Taiwanese)","nail","nouns","household","釘子",10,11.6141219229611,10.9059192417179,9.27192324700137,8.36340389362133,8.31400103907044,8.31400103907044
"钥匙","Mandarin (Taiwanese)","keys","nouns","household","鑰匙",25,10.6978311910869,11.7270316619684,10.5165177886076,10.2640976172071,10.0165306586479,10.0165306586479
"钱","Mandarin (Taiwanese)","money","nouns","household","錢",233,8.46566856238945,4.95587042861109,2.53758304820044,1.63823189115343,1.49539849317709,1.43824221586479
"铅笔","Mandarin (Taiwanese)","pencil","nouns","toys","鉛筆",13,11.3517576584936,11.4691375207843,9.30737978022015,7.42683972251514,7.27407959621986,7.19715651929678
"铜板","Mandarin (Taiwanese)","coin","nouns","household","銅板(零錢)",2,13.2235598353952,13.2726297849764,3.64385618977473,2.70043971814109,2.70043971814109,2.70043971814109
"铲子","Mandarin (Taiwanese)","shovel","nouns","outside","鏟子",15,11.2086568148529,12.2616881479803,9.93315181264223,8.90564974839519,8.21043969720809,8.09737344300077
"锅","Mandarin (Taiwanese)","pot","nouns","household","鍋子",48,10.0455060050473,11.190053545309,9.05691078966917,7.70952500281907,7.11300968565239,6.87508836441597
"镜子","Mandarin (Taiwanese)","mirror","nouns","household","鏡子",30,10.515509634293,10.6127631878245,6.74898180744236,5.70967878930241,5.44657596276629,5.41324262943296
"长 的","Mandarin (Taiwanese)","long","adjectives","descriptive_words","長長的",NA,NA,NA,NA,NA,NA,NA
"长裤","Mandarin (Taiwanese)","pants","nouns","clothing","長褲",1,13.9167070159552,11.8165837077876,5.12928301694497,1.58496250072116,1.58496250072116,1.58496250072116
"长颈鹿","Mandarin (Taiwanese)","giraffe","nouns","animals","長頸鹿",85,9.47405575946483,11.097034165019,8.63714465037302,7.33225373468197,7.05010549033543,7.00723659398514
"门","Mandarin (Taiwanese)","door","nouns","furniture_rooms","門",316,8.16096480236824,7.65474932121001,4.96147284952714,3.66610188502485,3.38071545455963,3.32713450252314
"闻","Mandarin (Taiwanese)","smell","verbs","action_words","聞",106,9.25326792184308,10.8271182497873,6.83062484344968,5.86567824639669,5.57359443839306,5.52457182317794
"阳台","Mandarin (Taiwanese)","balcony","nouns","furniture_rooms","陽台",138,8.98945333079795,8.11703285945819,5.15595256144934,3.32078428569872,2.62670345597864,2.05005994560967
"难过 的","Mandarin (Taiwanese)","sad","adjectives","descriptive_words","傷心的/難過的",NA,NA,NA,NA,NA,NA,NA
"雨伞","Mandarin (Taiwanese)","umbrella","nouns","outside","雨傘",26,10.6586104779337,10.5598038525309,7.43042832356661,6.38517026805537,6.23132411420921,6.14257686324028
"青蛙","Mandarin (Taiwanese)","frog","nouns","animals","青蛙",389,7.9531276723367,7.70413493151139,5.62344150448108,4.21272465579492,3.57763125639049,3.41960723856916
"面","Mandarin (Taiwanese)","noodle","nouns","food_drink","麵",137,8.99672609012702,8.38912697029271,4.33653048018602,2.63833666135153,2.25139032176279,2.20124167417459
"面包","Mandarin (Taiwanese)","bread","nouns","food_drink","麵包",109,9.22535913372601,9.63730314598348,6.65508644437413,5.64888869996743,5.29939863729533,5.21258481389469
"鞋子","Mandarin (Taiwanese)","shoe","nouns","clothing","鞋子",78,9.55999818926556,10.4862372783425,6.84692397346701,4.68861041937996,4.39477519385066,4.31904582724029
"音响","Mandarin (Taiwanese)","radio","nouns","household","收音機/音響",5,12.307269103521,10.3375557320176,5.61595334783087,3.70027880955871,3.50027880955871,3.50027880955871
"项链","Mandarin (Taiwanese)","necklace","nouns","clothing","項鍊",12,11.4318003661672,11.7262871208847,7.70373705617748,6.31276041372092,5.34457538882829,5.29582851376819
"风","Mandarin (Taiwanese)","wind","nouns","outside","風",71,9.65402713891383,8.64825341430963,4.49787977858582,3.90649450365291,3.81057013669389,3.79409231977217
"风筝","Mandarin (Taiwanese)","kite","nouns","outside","風箏",58,9.85626400540873,9.03614245900865,5.22877063454332,3.66754130214524,3.418771879189,3.39860075847447
"飞机","Mandarin (Taiwanese)","airplane","nouns","vehicles","飛機",172,8.7692125391417,9.76236489355072,6.92947330436986,5.73517670459502,5.25311972592884,5.20344344385777
"食物","Mandarin (Taiwanese)","food","nouns","food_drink","食物",47,10.0665594142451,9.8063601140261,4.8362296856925,2.34214574708116,1.31764825763509,1.14580111727231
"餐桌","Mandarin (Taiwanese)","table","nouns","furniture_rooms","餐桌",25,10.6978311910869,12.4790855325813,9.21573492668227,8.12045370738768,7.37367329619561,7.37367329619561
"饭","Mandarin (Taiwanese)","rice","nouns","food_drink","飯",520,7.66287820437968,7.28399704830801,4.69352372111419,3.01414449073427,2.61245186990385,2.56782475718463
"饮料","Mandarin (Taiwanese)","drink (beverage)","nouns","food_drink","飲料",11,11.5188117431568,12.2116182996153,7.17488785521143,5.52264818991159,5.52264818991159,5.52264818991159
"饱 了","Mandarin (Taiwanese)","full","adjectives","descriptive_words","飽了/好飽",NA,NA,NA,NA,NA,NA,NA
"饼干","Mandarin (Taiwanese)","cookie","nouns","food_drink","餅乾",44,10.1325173820369,10.3065394237759,7.04452130058825,5.89857499043678,5.27793474927094,5.25520747654366
"饿","Mandarin (Taiwanese)","hungry","adjectives","descriptive_words","餓了/好餓",113,9.18931919724281,8.48366782651487,5.13700460265186,3.71091319736183,3.58798728086942,3.55341302781094
"馄饨","Mandarin (Taiwanese)","dumpling","nouns","food_drink","餛飩",20,10.9209747424012,11.9901517019998,8.93071066775536,7.21212728838788,6.89206859970092,6.89206859970092
"馒头","Mandarin (Taiwanese)","bun","nouns","food_drink","饅頭",35,10.3613589544657,11.0250727492556,6.58647508958956,4.34809683507751,3.63406721161115,3.60549578303972
"香瓜","Mandarin (Taiwanese)","melon","nouns","food_drink","香瓜(哈密瓜)",NA,NA,NA,NA,NA,NA,NA
"香肠","Mandarin (Taiwanese)","sausage","nouns","food_drink","香腸",7,11.9707968668998,12.2139090287689,9.35608950486291,8.82745525941418,8.68459811655704,8.68459811655704
"香蕉","Mandarin (Taiwanese)","banana","nouns","food_drink","香蕉",199,8.62340219123066,7.73492885106555,5.08876471172389,3.95453049631178,3.51690220492827,3.42175939361704
"马","Mandarin (Taiwanese)","horse","nouns","animals","馬",258,8.36374743103353,9.14783669106111,6.41423379163669,5.39645608907915,5.16839505215107,5.10539053901664
"马桶","Mandarin (Taiwanese)","potty","nouns","furniture_rooms","馬桶",3,12.818094727287,12.4980881994311,3.22177863906173,0,0,0
"马路","Mandarin (Taiwanese)","road","nouns","outside","馬路",41,10.2031349492508,10.1065420113818,6.21501718722774,4.1872543231692,3.69167531879734,3.67198373533252
"马铃薯","Mandarin (Taiwanese)","potato","nouns","food_drink","馬鈴薯",5,12.307269103521,13.9570675648609,11.1637652854949,9.9891567204699,8.76745182911426,8.76745182911426
"骂","Mandarin (Taiwanese)","scold","verbs","action_words","罵",45,10.1100445261848,10.2407391792865,4.88930321973269,3.20099523046206,2.86437110996427,2.7821391162278
"骑","Mandarin (Taiwanese)","ride","verbs","action_words","騎",135,9.01143223751672,10.2913493300309,7.49048947392861,6.24366700984913,5.85242569560225,5.68166976214293
"高","Mandarin (Taiwanese)","high","adjectives","descriptive_words","好高/高高的",352,8.05307584035705,7.48823148680908,3.50593942337012,2.27388159396251,2.07430062861101,2.06509254587344
"高兴 的","Mandarin (Taiwanese)","happy","adjectives","descriptive_words","快樂的/高興的",NA,NA,NA,NA,NA,NA,NA
"高高的","Mandarin (Taiwanese)","high","adjectives","descriptive_words","好高/高高的",16,11.1441182937154,11.812660955707,8.10759162261905,5.53489055040371,4.34572732669311,3.67240612627313
"鱼","Mandarin (Taiwanese)","fish (animal)","nouns","animals","魚",621,7.48537593402167,7.57824360323103,5.06819448214379,3.42828640513659,2.92989242970638,2.85958470613945
"鳄鱼","Mandarin (Taiwanese)","alligator","nouns","animals","鱷魚",55,9.90937383072268,11.0321286621053,9.11289136809966,7.98215087515586,7.66203141179279,7.66203141179279
"鸡","Mandarin (Taiwanese)","chicken (animal)","nouns","animals","雞(咕咕咕)",232,8.46996964428884,6.92168444595041,5.43573041216033,4.23246124599421,3.80373640510346,3.72700124668296
"鸭子","Mandarin (Taiwanese)","duck","nouns","animals","鴨子(呱呱)",112,9.19820814466006,9.32504712146393,7.99884136701267,7.00836501136023,6.61139942163399,6.47104735522563
"鸽子","Mandarin (Taiwanese)","pigeon","nouns","animals","鴿子",24,10.7386531856072,11.6657139655444,9.76525007240005,7.68531935208204,7.0302144664308,7.01680079581049
"鹅","Mandarin (Taiwanese)","goose","nouns","animals","鵝",49,10.0248867178445,7.122160977175,4.55875480274711,3.8492068539929,3.6670274631144,3.6670274631144
"鹦鹉","Mandarin (Taiwanese)","parrot","nouns","animals","鸚鵡",7,11.9707968668998,13.2859251248597,10.2877499339012,9.75011428880591,9.06334929994054,9.06334929994054
"鹿","Mandarin (Taiwanese)","deer","nouns","animals","鹿",51,9.98488138323082,10.8342273060482,7.04078440192602,4.59589445302938,4.10424249701347,4.04541896760171
"黄色","Mandarin (Taiwanese)","yellow","adjectives","descriptive_words","黃色的",63,9.77357228956362,11.1622554669535,8.12589904188066,6.8612772985921,6.574851363068,6.54616318970201
"黏 的","Mandarin (Taiwanese)","sticky","adjectives","descriptive_words","黏黏的",NA,NA,NA,NA,NA,NA,NA
"黑色","Mandarin (Taiwanese)","black","adjectives","descriptive_words","黑色的/黑黑的",45,10.1100445261848,11.4505050244254,9.01193814971102,7.41197785845094,6.94351443728352,6.9212922150613
"黑黑的","Mandarin (Taiwanese)","black","adjectives","descriptive_words","黑色的/黑黑的",2,13.2235598353952,15.0563247182464,14.8191925799369,14.8191925799369,14.8191925799369,14.8191925799369
"鼓","Mandarin (Taiwanese)","drum","nouns","toys","鼓",47,10.0665594142451,4.88626274012005,2.28158256670119,1.48095164329299,1.36771913063581,1.36771913063581
"鼻子","Mandarin (Taiwanese)","nose","nouns","body_parts","鼻子",206,8.58883084716557,8.53926580153529,5.44956121390857,3.96813194670667,3.49951557335794,3.40525400736453
