word_clean,n_train_instances,n_val_instances,n_total,train_frequency,all_frequency
a,240892,60881,16062386,0.0149972737549702,0.0187875574649993
an,10742,2766,16062386,0.0006687673923413,0.0008409709491479
a lot,3862,943,16062386,0.0002404375041168,0.0002991460919941
about,22012,5466,16062386,0.0013704066133139,0.0017107047483481
above,258,74,16062386,0.0000160623708084,0.0000206694073969
airplane,975,217,16062386,0.0000607008199155,0.0000742106434250
all,39602,9983,16062386,0.0024655116618415,0.0030870258005255
all gone,616,153,16062386,0.0000383504667364,0.0000478758261693
alligator,308,96,16062386,0.0000191752333682,0.0000251519294830
am,3254,816,16062386,0.0002025850953899,0.0002533870123654
and,173846,43639,16062386,0.0108231740913212,0.0135400182762387
animal,1240,283,16062386,0.0000771989914823,0.0000948177935706
ankle,59,16,16062386,0.0000036731778205,0.0000046692938397
another,11475,2747,16062386,0.0007144019574676,0.0008854226265014
ant,139,43,16062386,0.0000086537579162,0.0000113308197176
any,9705,2393,16062386,0.0006042066228517,0.0007531882249623
apple,2994,742,16062386,0.0001863982100791,0.0002325930904661
applesauce,99,28,16062386,0.0000061634678683,0.0000079066709018
are,85295,21288,16062386,0.0053102322407144,0.0066355646041628
arm,1221,307,16062386,0.0000760161037096,0.0000951290798266
around,5484,1351,16062386,0.0003414187655558,0.0004255283119208
asleep,1093,272,16062386,0.0000680471755566,0.0000849811478818
at,42044,10529,16062386,0.0026175438692608,0.0032730504670975
awake,287,75,16062386,0.0000178678310931,0.0000225371249327
away,8746,2268,16062386,0.0005445019189553,0.0006857013646665
back,21315,5218,16062386,0.0013270133092306,0.0016518716459684
bad,2049,527,16062386,0.0001275651076994,0.0001603746790794
ball,6760,1622,16062386,0.0004208590180811,0.0005218402795201
balloon,1436,374,16062386,0.0000894014127166,0.0001126856246637
banana,1255,360,16062386,0.0000781328502503,0.0001005454606806
basement,95,26,16062386,0.0000059144388636,0.0000075331273946
basket,1370,364,16062386,0.0000852924341377,0.0001079540735729
bat,320,64,16062386,0.0000199223203825,0.0000239067844590
bathroom,837,222,16062386,0.0000521093192506,0.0000659304290160
bathtub,326,84,16062386,0.0000202958638897,0.0000255254729901
be,32881,8216,16062386,0.0020470806765570,0.0025585862523787
beach,794,197,16062386,0.0000494322574492,0.0000616969359347
beads,447,99,16062386,0.0000278289912844,0.0000339924591527
beans,1006,243,16062386,0.0000626307947026,0.0000777593067431
bear,4183,1037,16062386,0.0002604220817505,0.0003249828512402
because,25472,6258,16062386,0.0015858167024501,0.0019754225804311
bed,6090,1494,16062386,0.0003791466597802,0.0004721589930662
bedroom,907,212,16062386,0.0000564673268343,0.0000696658640877
bee,1167,308,16062386,0.0000726542121451,0.0000918294455133
behind,2381,573,16062386,0.0001482345150963,0.0001839079200313
belly button,65,25,16062386,0.0000040467213277,0.0000056031526076
belt,243,64,16062386,0.0000151285120405,0.0000191129761170
bench,205,36,16062386,0.0000127627364951,0.0000150039975381
beside,219,85,16062386,0.0000136343380118,0.0000189262043634
better,7795,1947,16062386,0.0004852952730684,0.0006065101411459
bib,498,141,16062386,0.0000310041110953,0.0000397823835139
bicycle,518,142,16062386,0.0000322492561192,0.0000410897857890
big,20171,5011,16062386,0.0012557910138631,0.0015677620996034
bird,2041,476,16062386,0.0001270670496899,0.0001567015012589
bite,2019,522,16062386,0.0001256973901636,0.0001581956752876
black,2216,559,16062386,0.0001379620686491,0.0001727638720673
blanket,762,195,16062386,0.0000474400254109,0.0000595801893940
block,904,213,16062386,0.0000562805550807,0.0000695413495853
blow,1665,445,16062386,0.0001036583232404,0.0001313628000224
blue,7466,1766,16062386,0.0004648126374251,0.0005747589430362
boat,2026,518,16062386,0.0001261331909219,0.0001583824470412
book,12338,3075,16062386,0.0007681299652492,0.0009595710126752
boots,652,140,16062386,0.0000405917277794,0.0000493077429468
bottle,2388,635,16062386,0.0001486703158547,0.0001882036703638
bowl,1565,402,16062386,0.0000974325981209,0.0001224600131014
box,6970,1744,16062386,0.0004339330408322,0.0005425096869170
bread,2365,594,16062386,0.0001472383990772,0.0001842192062873
break,2303,637,16062386,0.0001433784495031,0.0001830363185146
bring,4179,985,16062386,0.0002601730527457,0.0003214964451732
broken,2193,540,16062386,0.0001365301518716,0.0001701490675171
broom,222,60,16062386,0.0000138211097654,0.0000175565448371
brown,1826,468,16062386,0.0001136817406829,0.0001428181342423
brush,1720,442,16062386,0.0001070824720561,0.0001346001770845
bubbles,974,255,16062386,0.0000606385626644,0.0000765141617192
bucket,709,187,16062386,0.0000441403910976,0.0000557824970711
bug,504,149,16062386,0.0000313776546025,0.0000406539850306
build,2054,498,16062386,0.0001278763939554,0.0001588805050507
bump,808,200,16062386,0.0000503038589659,0.0000627553092050
bunny,1917,469,16062386,0.0001193471505416,0.0001485458013523
bus,3036,738,16062386,0.0001890130146293,0.0002349588660116
but,27674,6863,16062386,0.0017229071695824,0.0021501786845367
butter,1105,253,16062386,0.0000687942625710,0.0000845453471234
butterfly,713,169,16062386,0.0000443894201023,0.0000549108955544
button,1292,310,16062386,0.0000804363685445,0.0000997361164151
buy,2861,732,16062386,0.0001781179956701,0.0002236903035452
by,4714,1133,16062386,0.0002934806821353,0.0003640181477397
cake,2789,717,16062386,0.0001736354735841,0.0002182739226912
camera,956,229,16062386,0.0000595179321428,0.0000737748426666
can,70329,17538,16062386,0.0043784902193236,0.0054703578907891
candy,565,139,16062386,0.0000351753469254,0.0000438291048416
car,10855,2621,16062386,0.0006758024617264,0.0008389787171096
careful,4866,1241,16062386,0.0003029437843170,0.0003802050330505
carrots,645,157,16062386,0.0000401559270211,0.0000499303154587
carry,916,232,16062386,0.0000570276420950,0.0000714713243724
cat,4701,1134,16062386,0.0002926713378697,0.0003632710607253
catch,2256,557,16062386,0.0001404523586969,0.0001751296476128
cereal,828,206,16062386,0.0000515490039898,0.0000643739977361
chair,5135,1247,16062386,0.0003196909848885,0.0003973257771293
chalk,197,49,16062386,0.0000122646784855,0.0000153152837941
chase,203,48,16062386,0.0000126382219927,0.0000156265700501
cheek,128,31,16062386,0.0000079689281530,0.0000098989029401
cheerios,47,12,16062386,0.0000029260908062,0.0000036731778205
cheese,3365,850,16062386,0.0002094956502726,0.0002624143137887
chicken,2292,526,16062386,0.0001426936197399,0.0001754409338687
chin,351,93,16062386,0.0000218522951696,0.0000276422195308
potato chip,15,8,16062386,0.0000009338587679,0.0000014319167775
chocolate,1967,502,16062386,0.0001224600131014,0.0001537131532015
church,447,100,16062386,0.0000278289912844,0.0000340547164039
clap,924,182,16062386,0.0000575257001046,0.0000688565198221
clean,2943,726,16062386,0.0001832230902682,0.0002284218546360
climb,862,214,16062386,0.0000536657505305,0.0000669888022863
clock,1377,332,16062386,0.0000857282348961,0.0001063976422930
close,2530,608,16062386,0.0001575108455244,0.0001953632542513
closet,236,53,16062386,0.0000146927112821,0.0000179923455955
cloud,223,50,16062386,0.0000138833670166,0.0000169962295764
coat,956,235,16062386,0.0000595179321428,0.0000741483861738
coffee,1783,466,16062386,0.0001110046788815,0.0001400165579385
coke,150,34,16062386,0.0000093385876793,0.0000114553342200
cold,3125,766,16062386,0.0001945539099857,0.0002422429644014
comb,509,130,16062386,0.0000316889408585,0.0000397823835139
cook,1319,315,16062386,0.0000821173143268,0.0001017283484533
cookie,2119,532,16062386,0.0001319231152831,0.0001650439729191
corn,615,154,16062386,0.0000382882094852,0.0000478758261693
couch,407,98,16062386,0.0000253387012365,0.0000314399118537
could,10302,2578,16062386,0.0006413742018153,0.0008018733953972
cover,726,176,16062386,0.0000451987643679,0.0000561560405783
cow,2785,711,16062386,0.0001733864445793,0.0002176513501792
cracker,385,86,16062386,0.0000239690417102,0.0000293231653130
crayon,801,209,16062386,0.0000498680582075,0.0000628798237074
crib,251,55,16062386,0.0000156265700501,0.0000190507188658
cry,1104,304,16062386,0.0000687320053198,0.0000876582096832
cup,4257,1104,16062386,0.0002650291183390,0.0003337611236587
cut,2917,733,16062386,0.0001816044017371,0.0002272389668633
cute,1083,288,16062386,0.0000674246030447,0.0000853546913889
dance,886,221,16062386,0.0000551599245592,0.0000689187770733
dark,1195,299,16062386,0.0000743974151785,0.0000930123332860
deer,309,65,16062386,0.0000192374906194,0.0000232842119471
diaper,850,222,16062386,0.0000529186635161,0.0000667397732815
did,46454,11434,16062386,0.0028920983470326,0.0036039477572012
dirty,2170,536,16062386,0.0001350982350941,0.0001684681217348
dish,247,65,16062386,0.0000153775410453,0.0000194242623730
do,125923,31418,16062386,0.0078396198422825,0.0097956181603406
does,24106,5973,16062386,0.0015007732973171,0.0018726358587074
dog,4418,1091,16062386,0.0002750525357814,0.0003429751968356
doll,1437,393,16062386,0.0000894636699678,0.0001139307696876
dont,71801,17864,16062386,0.0044701328930833,0.0055822964284385
donkey,476,99,16062386,0.0000296344515690,0.0000357979194374
donut,89,9,16062386,0.0000055408953564,0.0000061012106172
door,4988,1205,16062386,0.0003105391689628,0.0003855591566533
down,25065,6175,16062386,0.0015604780012135,0.0019449165273453
draw,3948,969,16062386,0.0002457916277196,0.0003061189041279
drawer,426,85,16062386,0.0000265215890093,0.0000318134553609
dress,1686,401,16062386,0.0001049657255155,0.0001299308832449
drink,5020,1253,16062386,0.0003125314010011,0.0003905397367489
drive,1490,393,16062386,0.0000927633042812,0.0001172304040010
drop,879,226,16062386,0.0000547241238008,0.0000687942625710
dry,1339,366,16062386,0.0000833624593507,0.0001061486132882
dryer,75,18,16062386,0.0000046692938397,0.0000057899243612
duck,2312,560,16062386,0.0001439387647638,0.0001788028254333
dump,500,126,16062386,0.0000311286255977,0.0000389730392483
each,1014,261,16062386,0.0000631288527122,0.0000793779952742
ear,990,270,16062386,0.0000616346786835,0.0000784441365062
eat,14401,3690,16062386,0.0008965666744654,0.0011262959313766
egg,2031,519,16062386,0.0001264444771779,0.0001587559905484
elephant,2284,574,16062386,0.0001421955617304,0.0001779312239165
empty,969,268,16062386,0.0000603272764084,0.0000770122197288
every,1559,373,16062386,0.0000970590546137,0.0001202810093096
eye,1361,335,16062386,0.0000847321188770,0.0001055882980275
face,3507,849,16062386,0.0002183361799424,0.0002711925862073
fall,3614,933,16062386,0.0002249977058203,0.0002830837211856
fast,1418,396,16062386,0.0000882807821951,0.0001129346536685
feed,1353,343,16062386,0.0000842340608674,0.0001055882980275
find,8872,2224,16062386,0.0005523463326059,0.0006908064592645
fine,1412,379,16062386,0.0000879072386880,0.0001115027368910
finger,1726,431,16062386,0.0001074560155633,0.0001342888908285
finish,2228,546,16062386,0.0001387091556634,0.0001727016148161
firetruck,116,33,16062386,0.0000072218411387,0.0000092763304281
first,6715,1674,16062386,0.0004180574417773,0.0005222760802785
fish,3680,969,16062386,0.0002291066843992,0.0002894339608076
fit,3227,770,16062386,0.0002009041496077,0.0002488422330281
fix,2332,597,16062386,0.0001451839097877,0.0001823514887514
flag,190,46,16062386,0.0000118288777271,0.0000146927112821
flower,1096,265,16062386,0.0000682339473102,0.0000847321188770
food,4997,1236,16062386,0.0003110994842236,0.0003880494467011
foot,2810,695,16062386,0.0001749428758592,0.0002182116654400
for,48196,11847,16062386,0.0030005504786151,0.0037381121335274
fork,606,176,16062386,0.0000377278942244,0.0000486851704348
french fries,92,19,16062386,0.0000057276671100,0.0000069105548827
frog,1383,351,16062386,0.0000861017784033,0.0001079540735729
full,1278,307,16062386,0.0000795647670278,0.0000986777431448
game,2212,601,16062386,0.0001377130396443,0.0001751296476128
garage,915,220,16062386,0.0000569653848438,0.0000706619801068
garbage,398,95,16062386,0.0000247783859758,0.0000306928248393
garden,1401,310,16062386,0.0000872224089248,0.0001065221567954
gentle,769,186,16062386,0.0000478758261693,0.0000594556748916
get,44497,11168,16062386,0.0027702609064432,0.0034655498877938
giraffe,918,238,16062386,0.0000571521565974,0.0000719693823819
give,10901,2825,16062386,0.0006786662952814,0.0008545430299085
glass,851,218,16062386,0.0000529809207673,0.0000665530015279
glasses,780,205,16062386,0.0000485606559324,0.0000613233924275
gloves,267,72,16062386,0.0000166226860692,0.0000211052081553
glue,541,131,16062386,0.0000336811728967,0.0000418368728033
go,66722,16837,16062386,0.0041539283142617,0.0052021536526392
gonna,33881,8529,16062386,0.0021093379277525,0.0026403300231983
good,34230,8550,16062386,0.0021310657084197,0.0026633652061406
goose,414,108,16062386,0.0000257745019949,0.0000324982851240
gotta,2980,767,16062386,0.0001855266085624,0.0002332779202293
grapes,887,261,16062386,0.0000552221818103,0.0000714713243724
grass,1112,295,16062386,0.0000692300633293,0.0000875959524320
green,6875,1693,16062386,0.0004280186019686,0.0005334201282425
green beans,182,42,16062386,0.0000113308197176,0.0000139456242678
gum,312,62,16062386,0.0000194242623730,0.0000232842119471
hafta,16315,3907,16062386,0.0010157270532535,0.0012589661336740
hair,5062,1316,16062386,0.0003151462055513,0.0003970767481245
hamburger,440,125,16062386,0.0000273931905260,0.0000351753469254
hammer,696,164,16062386,0.0000433310468320,0.0000535412360281
hand,5101,1325,16062386,0.0003175742383479,0.0004000650961818
happy,2796,680,16062386,0.0001740712743424,0.0002164062051553
hard,3654,909,16062386,0.0002274879958681,0.0002840798372048
hat,4554,1089,16062386,0.0002835195219440,0.0003513176684958
hate,225,60,16062386,0.0000140078815190,0.0000177433165907
have,64142,16047,16062386,0.0039933046061774,0.0049923467161105
he,68772,16827,16062386,0.0042815556792123,0.0053291584450778
head,5780,1506,16062386,0.0003598469119096,0.0004536063322099
hear,5011,1267,16062386,0.0003119710857403,0.0003908510230049
heavy,937,245,16062386,0.0000583350443701,0.0000735880709130
helicopter,567,162,16062386,0.0000352998614278,0.0000453855361215
help,7177,1804,16062386,0.0004468202918296,0.0005591323729862
hen,292,86,16062386,0.0000181791173491,0.0000235332409519
her,25947,6571,16062386,0.0016153888967679,0.0020244812943731
here,59591,14911,16062386,0.0037099718559870,0.0046382897285621
hers,307,94,16062386,0.0000191129761170,0.0000249651577294
hide,1180,281,16062386,0.0000734635564106,0.0000909578439965
high,1359,331,16062386,0.0000846076043746,0.0001052147545203
high chair,147,30,16062386,0.0000091518159257,0.0000110195334616
him,19221,4852,16062386,0.0011966466252274,0.0014987188080276
his,20818,5167,16062386,0.0012960714553865,0.0016177546723133
hit,1852,487,16062386,0.0001153004292139,0.0001456197105461
hold,5329,1373,16062386,0.0003317688916205,0.0004172480975118
home,7693,1955,16062386,0.0004789450334465,0.0006006579595335
horse,3331,831,16062386,0.0002073789037320,0.0002591146794754
hose,202,62,16062386,0.0000125759647415,0.0000164359143156
hot,3542,883,16062386,0.0002205151837342,0.0002754883365398
house,9705,2406,16062386,0.0006042066228517,0.0007539975692279
how,25252,6430,16062386,0.0015721201071871,0.0019724342323737
hug,926,246,16062386,0.0000576502146070,0.0000729654984010
hungry,2181,536,16062386,0.0001357830648572,0.0001691529514980
hurry,693,172,16062386,0.0000431442750784,0.0000538525222840
hurt,3685,928,16062386,0.0002294179706552,0.0002871926997645
i,650,136,16062386,0.0000404672132770,0.0000489341994396
ice,1758,439,16062386,0.0001094482476016,0.0001367791808764
ice cream,1242,308,16062386,0.0000773235059847,0.0000964987393529
if,25199,6327,16062386,0.0015688204728737,0.0019627221011872
in,110210,27808,16062386,0.0068613716542486,0.0085926212954912
inside,3137,807,16062386,0.0001953009970001,0.0002455425987148
into,6257,1605,16062386,0.0003895436207298,0.0004894665088985
is,146772,36585,16062386,0.0091376212724560,0.0114153028074409
it,238008,59671,16062386,0.0148177238425225,0.0185326762786052
jacket,516,139,16062386,0.0000321247416168,0.0000407784995330
jar,314,75,16062386,0.0000195487768754,0.0000242180707150
jeans,135,25,16062386,0.0000084047289114,0.0000099611601913
jello,68,22,16062386,0.0000042334930813,0.0000056031526076
jelly,686,165,16062386,0.0000427084743201,0.0000529809207673
juice,5133,1247,16062386,0.0003195664703862,0.0003972012626269
jump,1918,478,16062386,0.0001194094077928,0.0001491683738643
keys,1008,265,16062386,0.0000627553092050,0.0000792534807718
kick,729,196,16062386,0.0000453855361215,0.0000575879573558
kiss,2664,706,16062386,0.0001658533171846,0.0002098069365286
kitchen,1940,499,16062386,0.0001207790673191,0.0001518454356657
kitty,2251,556,16062386,0.0001401410724409,0.0001747561041056
knee,996,256,16062386,0.0000620082221907,0.0000779460784967
knife,602,147,16062386,0.0000374788652197,0.0000466306811454
knock,1198,302,16062386,0.0000745841869321,0.0000933858767931
ladder,661,175,16062386,0.0000411520430402,0.0000520470619994
lamb,610,152,16062386,0.0000379769232292,0.0000474400254109
lamp,228,58,16062386,0.0000141946532726,0.0000178055738419
last,4789,1252,16062386,0.0002981499759749,0.0003760960544716
leg,1375,321,16062386,0.0000856037203937,0.0001055882980275
lemme,1313,358,16062386,0.0000817437708196,0.0001040318667476
lick,355,88,16062386,0.0000221013241744,0.0000275799622796
light,2214,538,16062386,0.0001378375541467,0.0001713319552898
like,64646,16013,16062386,0.0040246822607799,0.0050216076241724
lion,1596,376,16062386,0.0000993625729079,0.0001227712993574
lips,188,42,16062386,0.0000117043632247,0.0000143191677749
listen,2575,619,16062386,0.0001603124218282,0.0001988496603182
little,31132,7880,16062386,0.0019381927442162,0.0024287798836362
living room,343,88,16062386,0.0000213542371600,0.0000268328752652
lollipop,218,58,16062386,0.0000135720807606,0.0000171830013299
long,4524,1132,16062386,0.0002816518044081,0.0003521270127614
look,54919,13550,16062386,0.0034191059784020,0.0042626917321001
loud,861,239,16062386,0.0000536034932793,0.0000684829763150
love,4169,970,16062386,0.0002595504802338,0.0003199400138933
mad,650,189,16062386,0.0000404672132770,0.0000522338337530
make,18256,4422,16062386,0.0011365683778238,0.0014118699426100
me,46556,11761,16062386,0.0028984485866546,0.0036306561179640
meat,766,220,16062386,0.0000476890544157,0.0000613856496787
medicine,758,157,16062386,0.0000471909964061,0.0000569653848438
melon,112,29,16062386,0.0000069728121339,0.0000087782724186
milk,4437,1100,16062386,0.0002762354235541,0.0003447183998691
mine,2195,475,16062386,0.0001366546663740,0.0001662268606918
mittens,216,51,16062386,0.0000134475662582,0.0000166226860692
money,2634,617,16062386,0.0001639855996488,0.0002023983236364
monkey,1846,470,16062386,0.0001149268857068,0.0001441877937686
moon,1164,297,16062386,0.0000724674403915,0.0000909578439965
moose,263,61,16062386,0.0000163736570644,0.0000201713493873
mop,119,39,16062386,0.0000074086128923,0.0000098366456889
more,18696,4707,16062386,0.0011639615683498,0.0014570064497267
motorcycle,301,65,16062386,0.0000187394326098,0.0000227861539375
mouse,1424,360,16062386,0.0000886543257023,0.0001110669361327
mouth,4829,1188,16062386,0.0003006402660227,0.0003746018804429
much,5879,1525,16062386,0.0003660103797779,0.0004609526878510
muffin,176,43,16062386,0.0000109572762104,0.0000136343380118
my,24342,6132,16062386,0.0015154660085992,0.0018972274729296
myself,543,131,16062386,0.0000338056873991,0.0000419613873057
nail,210,58,16062386,0.0000130740227510,0.0000166849433204
napkin,322,71,16062386,0.0000200468348849,0.0000244670997198
naughty,2308,596,16062386,0.0001436897357591,0.0001807950574715
necklace,264,77,16062386,0.0000164359143156,0.0000212297226576
need,8918,2183,16062386,0.0005552101661609,0.0006911177455205
new,4442,1080,16062386,0.0002765467098101,0.0003437845411012
next to,1043,272,16062386,0.0000649343129968,0.0000818682853220
nice,16080,4072,16062386,0.0010010965992226,0.0012546081260904
noisy,732,171,16062386,0.0000455723078751,0.0000562182978295
none,404,90,16062386,0.0000251519294830,0.0000307550820905
nose,4475,1132,16062386,0.0002786011990996,0.0003490764074528
not,50277,12511,16062386,0.0031301078183528,0.0039090082880588
nuts,270,69,16062386,0.0000168094578228,0.0000211052081553
of,57870,14552,16062386,0.0036028271266797,0.0045087946460756
off,17209,4371,16062386,0.0010713850358222,0.0013435114807974
old,3163,812,16062386,0.0001969196855312,0.0002474725735018
on,103874,26290,16062386,0.0064669097106744,0.0081036528446023
on top of,1113,269,16062386,0.0000692923205805,0.0000860395211521
open,6596,1650,16062386,0.0004106488288851,0.0005133732933575
orange,4042,976,16062386,0.0002516438093319,0.0003124068864987
other,12482,3162,16062386,0.0007770950094214,0.0009739524377013
our,4881,1235,16062386,0.0003038776430849,0.0003807653483113
out,27325,6963,16062386,0.0017011793889152,0.0021346766289890
outside,4162,1002,16062386,0.0002591146794754,0.0003214964451732
oven,561,157,16062386,0.0000349263179206,0.0000447007063583
over,18868,4773,16062386,0.0011746698155554,0.0014718236755112
owie,83,18,16062386,0.0000051673518492,0.0000062879823707
owl,598,139,16062386,0.0000372298362149,0.0000458835941310
paint,1082,264,16062386,0.0000673623457935,0.0000837982601091
pajamas,630,146,16062386,0.0000392220682531,0.0000483116269277
pancake,169,32,16062386,0.0000105214754520,0.0000125137074903
pants,1606,422,16062386,0.0000999851454199,0.0001262577054243
paper,3711,932,16062386,0.0002310366591863,0.0002890604173004
park,1484,371,16062386,0.0000923897607740,0.0001154872009675
party,2149,556,16062386,0.0001337908328190,0.0001684058644836
noodles,167,42,16062386,0.0000103969609496,0.0000130117654998
spaghetti,1164,302,16062386,0.0000724674403915,0.0000912691302525
peanut butter,257,66,16062386,0.0000160001135572,0.0000201090921361
peas,1825,482,16062386,0.0001136194834317,0.0001436274785079
pen,1140,271,16062386,0.0000709732663628,0.0000878449814368
pencil,832,208,16062386,0.0000517980329946,0.0000647475412432
penguin,534,124,16062386,0.0000332453721384,0.0000409652712866
penny,462,113,16062386,0.0000287628500523,0.0000357979194374
pick,3922,962,16062386,0.0002441729391885,0.0003040644148385
pickle,156,35,16062386,0.0000097121311865,0.0000118911349783
picture,5093,1216,16062386,0.0003170761803383,0.0003927809977920
pig,1941,482,16062386,0.0001208413245703,0.0001508493196465
pillow,551,132,16062386,0.0000343037454087,0.0000425217025665
pizza,2118,532,16062386,0.0001318608580319,0.0001649817156679
plant,388,131,16062386,0.0000241558134638,0.0000323115133704
plate,2091,509,16062386,0.0001301799122496,0.0001618688531081
play,18557,4591,16062386,0.0011553078104336,0.0014411308506719
play dough,102,22,16062386,0.0000063502396219,0.0000077198991482
play pen,10,3,16062386,0.0000006225725120,0.0000008093442655
pony,188,65,16062386,0.0000117043632247,0.0000157510845524
pool,690,170,16062386,0.0000429575033248,0.0000535412360281
poor,2084,556,16062386,0.0001297441114913,0.0001643591431559
popcorn,159,36,16062386,0.0000098989029401,0.0000121401639831
popsicle,105,15,16062386,0.0000065370113755,0.0000074708701435
porch,66,18,16062386,0.0000041089785789,0.0000052296091004
potato,463,131,16062386,0.0000288251073035,0.0000369808072101
potty,785,206,16062386,0.0000488719421884,0.0000616969359347
pour,1096,314,16062386,0.0000682339473102,0.0000877827241856
present,1155,245,16062386,0.0000719071251307,0.0000871601516736
pretend,2728,685,16062386,0.0001698377812611,0.0002124839983300
pretty,5168,1348,16062386,0.0003217454741780,0.0004056682487894
pretzel,65,20,16062386,0.0000040467213277,0.0000052918663516
pudding,260,46,16062386,0.0000161868853108,0.0000190507188658
pull,3850,947,16062386,0.0002396904171024,0.0002986480339845
pumpkin,651,164,16062386,0.0000405294705282,0.0000507396597243
puppy,1034,274,16062386,0.0000643739977361,0.0000814324845636
purse,376,111,16062386,0.0000234087264495,0.0000303192813322
push,4318,1068,16062386,0.0002688268106619,0.0003353175549386
put,54619,13703,16062386,0.0034004288030433,0.0042535399161743
puzzle,1638,424,16062386,0.0001019773774581,0.0001283744519650
quiet,1118,262,16062386,0.0000696036068365,0.0000859150066497
radio,292,63,16062386,0.0000181791173491,0.0000221013241744
rain,967,273,16062386,0.0000602027619060,0.0000771989914823
raisin,140,29,16062386,0.0000087160151674,0.0000105214754520
read,7407,1778,16062386,0.0004611394596046,0.0005718328522300
red,7985,1932,16062386,0.0004971241507955,0.0006174051601051
refrigerator,453,109,16062386,0.0000282025347915,0.0000349885751718
ride,2335,593,16062386,0.0001453706815413,0.0001822892315002
rip,296,79,16062386,0.0000184281463538,0.0000233464691983
rock,687,188,16062386,0.0000427707315713,0.0000544750947960
rocking chair,152,32,16062386,0.0000094631021817,0.0000114553342200
roof,739,202,16062386,0.0000460081086334,0.0000585840733749
room,4137,1074,16062386,0.0002575582481955,0.0003244225359794
rooster,336,86,16062386,0.0000209184364017,0.0000262725600045
run,2002,503,16062386,0.0001246390168933,0.0001559544142446
sad,1100,305,16062386,0.0000684829763150,0.0000874714379296
salt,352,79,16062386,0.0000219145524208,0.0000268328752652
same,3139,784,16062386,0.0001954255115025,0.0002442351964397
sandbox,139,33,16062386,0.0000086537579162,0.0000107082472056
sandwich,1336,347,16062386,0.0000831756875971,0.0001047789537619
sauce,391,96,16062386,0.0000243425852174,0.0000303192813322
say,23925,6017,16062386,0.0014895047348507,0.0018641066152936
scared,802,199,16062386,0.0000499303154587,0.0000623195084466
scarf,199,55,16062386,0.0000123891929879,0.0000158133418036
school,5363,1347,16062386,0.0003338856381611,0.0004177461555214
scissors,607,135,16062386,0.0000377901514756,0.0000461948803870
see,57110,14332,16062386,0.0035555116157712,0.0044477825399041
shake,1614,404,16062386,0.0001004832034294,0.0001256351329124
share,839,222,16062386,0.0000522338337530,0.0000660549435184
she,42628,10618,16062386,0.0026539021039589,0.0033149495971520
sheep,1889,473,16062386,0.0001176039475082,0.0001470516273236
shirt,1907,473,16062386,0.0001187245780297,0.0001481722578451
shoe,1735,434,16062386,0.0001080163308241,0.0001350359778429
shorts,321,104,16062386,0.0000199845776337,0.0000264593317581
shoulder,183,42,16062386,0.0000113930769688,0.0000140078815190
shovel,227,64,16062386,0.0000141323960214,0.0000181168600979
show,6865,1703,16062386,0.0004273960294566,0.0005334201282425
shower,412,101,16062386,0.0000256499874925,0.0000319379698633
sick,956,251,16062386,0.0000595179321428,0.0000751445021929
sidewalk,92,12,16062386,0.0000057276671100,0.0000064747541243
sing,3076,775,16062386,0.0001915033046772,0.0002397526743536
sink,439,121,16062386,0.0000273309332748,0.0000348640606694
sit,11341,2767,16062386,0.0007060594858074,0.0008783252998652
skate,44,11,16062386,0.0000027393190526,0.0000034241488157
sky,1056,247,16062386,0.0000657436572624,0.0000811211983076
sled,68,22,16062386,0.0000042334930813,0.0000056031526076
sleep,3988,1022,16062386,0.0002482819177674,0.0003119088284891
sleepy,652,156,16062386,0.0000405917277794,0.0000503038589659
slide,1422,356,16062386,0.0000885298111999,0.0001106933926255
slipper,222,44,16062386,0.0000138211097654,0.0000165604288180
slow,418,97,16062386,0.0000260235309997,0.0000320624843656
smile,399,99,16062386,0.0000248406432270,0.0000310041110953
snow,1246,329,16062386,0.0000775725349895,0.0000980551706328
snowman,455,122,16062386,0.0000283270492939,0.0000359224339398
so,36035,8945,16062386,0.0022434400468274,0.0028003311587706
soap,568,141,16062386,0.0000353621186790,0.0000441403910976
sock,680,151,16062386,0.0000423349308129,0.0000517357757434
soda,180,46,16062386,0.0000112063052152,0.0000140701387702
sofa,357,93,16062386,0.0000222258386768,0.0000280157630379
soft,1088,270,16062386,0.0000677358893006,0.0000845453471234
some,36514,9192,16062386,0.0022732612701500,0.0028455299231384
soup,1045,243,16062386,0.0000650588274992,0.0000801873395397
spill,592,149,16062386,0.0000368562927077,0.0000461326231358
splash,550,159,16062386,0.0000342414881575,0.0000441403910976
spoon,2860,664,16062386,0.0001780557384189,0.0002193945532127
squirrel,409,98,16062386,0.0000254632157389,0.0000315644263561
stairs,850,213,16062386,0.0000529186635161,0.0000661794580207
stand,2897,661,16062386,0.0001803592567132,0.0002215112997533
star,855,213,16062386,0.0000532299497721,0.0000664907442767
stay,3561,842,16062386,0.0002216980715069,0.0002741186770135
stick,2068,574,16062386,0.0001287479954722,0.0001644836576583
sticky,916,261,16062386,0.0000570276420950,0.0000732767846570
stone,242,64,16062386,0.0000150662547893,0.0000190507188658
stop,4448,1079,16062386,0.0002769202533173,0.0003440958273572
store,1349,302,16062386,0.0000839850318626,0.0001027867217237
story,4256,1062,16062386,0.0002649668610878,0.0003310840618573
stove,408,112,16062386,0.0000254009584877,0.0000323737706216
strawberry,688,152,16062386,0.0000428329888225,0.0000522960910042
street,815,172,16062386,0.0000507396597243,0.0000614479069299
stroller,171,56,16062386,0.0000106459899544,0.0000141323960214
stuck,2798,721,16062386,0.0001741957888448,0.0002190832669567
sun,1609,374,16062386,0.0001001719171735,0.0001234561291205
sweater,244,66,16062386,0.0000151907692917,0.0000192997478706
sweep,190,76,16062386,0.0000118288777271,0.0000165604288180
swim,801,185,16062386,0.0000498680582075,0.0000613856496787
swing,876,203,16062386,0.0000545373520472,0.0000671755740399
table,4624,1174,16062386,0.0002878775295277,0.0003609675424311
take,16379,4019,16062386,0.0010197115173300,0.0012699234098844
talk,3853,918,16062386,0.0002398771888560,0.0002970293454534
tape,2364,603,16062386,0.0001471761418260,0.0001847172642968
taste,1198,295,16062386,0.0000745841869321,0.0000929500760348
tear,286,66,16062386,0.0000178055738419,0.0000219145524208
teddybear,409,104,16062386,0.0000254632157389,0.0000319379698633
telephone,1018,262,16062386,0.0000633778817170,0.0000796892815302
that,175877,43842,16062386,0.0109496185684991,0.0136791009754093
the,344615,86416,16062386,0.0214547826207140,0.0268348052400185
their,4056,1027,16062386,0.0002525154108487,0.0003164536078264
them,33288,8299,16062386,0.0020724193777936,0.0025890923054645
then,34430,8632,16062386,0.0021435171586587,0.0026809217509777
there,85394,21303,16062386,0.0053163957085828,0.0066426619307991
these,16680,4163,16062386,0.0010384509499398,0.0012976278866664
they,42586,10704,16062386,0.0026512872994087,0.0033176889162046
think,46137,11309,16062386,0.0028723627984037,0.0035764300521728
thirsty,623,153,16062386,0.0000387862674948,0.0000483116269277
this,89758,22651,16062386,0.0055880863527996,0.0069982753496274
those,15565,3805,16062386,0.0009690341148569,0.0012059229556555
throw,4474,1111,16062386,0.0002785389418484,0.0003477067479265
tickle,1713,381,16062386,0.0001066466712978,0.0001303666840032
tiger,1859,490,16062386,0.0001157362299723,0.0001462422830581
tights,64,25,16062386,0.0000039844640765,0.0000055408953564
tiny,1185,269,16062386,0.0000737748426666,0.0000905220432382
tired,2847,781,16062386,0.0001772463941534,0.0002258693073370
tissue,727,188,16062386,0.0000452610216191,0.0000569653848438
to,146773,36636,16062386,0.0091376835297072,0.0114185401845031
toast,1672,445,16062386,0.0001040941239988,0.0001317986007807
toe,477,119,16062386,0.0000296967088202,0.0000371053217125
tongue,603,173,16062386,0.0000375411224708,0.0000483116269277
too,17010,4307,16062386,0.0010589958428343,0.0013271378237330
tooth,284,67,16062386,0.0000176810593395,0.0000218522951696
toothbrush,261,69,16062386,0.0000162491425620,0.0000205448928945
touch,2487,609,16062386,0.0001548337837230,0.0001927484497011
towel,751,191,16062386,0.0000467551956478,0.0000586463306261
toy,2200,564,16062386,0.0001369659526300,0.0001720790423042
tractor,1513,390,16062386,0.0000941952210587,0.0001184755490249
train,6574,1651,16062386,0.0004092791693588,0.0005120658910824
trash,235,62,16062386,0.0000146304540309,0.0000184904036050
tray,444,126,16062386,0.0000276422195308,0.0000354866331814
tree,3443,867,16062386,0.0002143517158659,0.0002683287526523
tricycle,130,33,16062386,0.0000080934426554,0.0000101479319449
truck,3917,989,16062386,0.0002438616529325,0.0003054340743648
try,7002,1716,16062386,0.0004359252728704,0.0005427587159218
tummy,1426,346,16062386,0.0000887788402047,0.0001103198491183
tuna,162,46,16062386,0.0000100856746937,0.0000129495082486
turkey,500,111,16062386,0.0000311286255977,0.0000380391804804
turtle,631,161,16062386,0.0000392843255043,0.0000493077429468
tv,1022,263,16062386,0.0000636269107217,0.0000800005677861
under,3477,887,16062386,0.0002164684624065,0.0002716906442169
underpants,91,20,16062386,0.0000056654098588,0.0000069105548827
up,44162,10804,16062386,0.0027494047272927,0.0034220320692081
us,5943,1489,16062386,0.0003699948438545,0.0004626958908845
vacuum,192,49,16062386,0.0000119533922295,0.0000150039975381
vanilla,160,36,16062386,0.0000099611601913,0.0000122024212343
vitamins,71,14,16062386,0.0000044202648349,0.0000052918663516
wait,6371,1588,16062386,0.0003966409473661,0.0004955054622644
wake,943,224,16062386,0.0000587085878773,0.0000726542121451
walk,2784,722,16062386,0.0001733241873281,0.0002182739226912
wanna,36293,8989,16062386,0.0022595024176358,0.0028191328486316
was,38121,9518,16062386,0.0023733086728211,0.0029658731896992
wash,2810,641,16062386,0.0001749428758592,0.0002148497738754
washing machine,198,41,16062386,0.0000123269357367,0.0000148794830357
watch,6233,1583,16062386,0.0003880494467011,0.0004866026753435
water,6947,1747,16062386,0.0004325011240547,0.0005412645418931
we,88830,22234,16062386,0.0055303116236903,0.0069145393467695
were,24306,6090,16062386,0.0015132247475562,0.0018923714073364
wet,1992,550,16062386,0.0001240164443813,0.0001582579325388
what,164228,40782,16062386,0.0102243838493235,0.0127633590675756
when,22173,5619,16062386,0.0013804300307563,0.0017302535252235
where,31053,7740,16062386,0.0019332744213718,0.0024151455456244
which,8160,2054,16062386,0.0005080191697547,0.0006358955637101
white,2804,692,16062386,0.0001745693323520,0.0002176513501792
who,16221,4062,16062386,0.0010098748716411,0.0012627638259970
why,17834,4433,16062386,0.0011102958178193,0.0013862822123687
will,11885,3042,16062386,0.0007399274304577,0.0009293139885942
wind,1048,250,16062386,0.0000652455992528,0.0000808099120517
window,2138,524,16062386,0.0001331060030558,0.0001657288026822
windy,267,75,16062386,0.0000166226860692,0.0000212919799088
wipe,1451,358,16062386,0.0000903352714846,0.0001126233674125
wish,553,116,16062386,0.0000344282599111,0.0000416501010497
with,51355,12821,16062386,0.0031972211351414,0.0039954213527181
wolf,339,92,16062386,0.0000211052081553,0.0000268328752652
work,4799,1268,16062386,0.0002987725484869,0.0003777147430027
would,17696,4374,16062386,0.0011017043171544,0.0013740175338832
write,2348,623,16062386,0.0001461800258069,0.0001849662933016
backyard,78,27,16062386,0.0000048560655932,0.0000065370113755
yellow,5464,1318,16062386,0.0003401736205318,0.0004222286776074
yogurt,478,111,16062386,0.0000297589660714,0.0000366695209541
you,472001,117500,16062386,0.0293854848214954,0.0367007118369587
your,84867,21131,16062386,0.0052835861372028,0.0065991441122135
yourself,2605,674,16062386,0.0001621801393641,0.0002041415266698
yucky,572,152,16062386,0.0000356111476838,0.0000450742498655
zebra,723,179,16062386,0.0000450119926143,0.0000561560405783
zipper,342,79,16062386,0.0000212919799088,0.0000262103027533
zoo,1440,364,16062386,0.0000896504417214,0.0001123120811566
bottom,1855,398,16062386,0.0001154872009675,0.0001402655869433
did ya,143,52,16062386,0.0000089027869209,0.0000121401639831
going to,24825,6168,16062386,0.0015455362609266,0.0019295389863000
got to,3939,1027,16062386,0.0002452313124588,0.0003091695094365
have to,773,207,16062386,0.0000481248551741,0.0000610121061715
let me,6419,1590,16062386,0.0003996292954235,0.0004986183248242
need to,672,157,16062386,0.0000418368728033,0.0000516112612410
boo boo,151,33,16062386,0.0000094008449305,0.0000114553342200
pop,1988,524,16062386,0.0001237674153765,0.0001563902150029
kleenex,74,17,16062386,0.0000046070365885,0.0000056654098588
try to,1026,238,16062386,0.0000638759397265,0.0000786931655110
want to,1159,255,16062386,0.0000721561541355,0.0000880317531903
plane,673,180,16062386,0.0000418991300545,0.0000531054352697
bath,2165,603,16062386,0.0001347869488381,0.0001723280713090
bellybutton,76,14,16062386,0.0000047315510909,0.0000056031526076
boot,193,69,16062386,0.0000120156494807,0.0000163113998132
carrot,576,135,16062386,0.0000358601766886,0.0000442649056000
shut,1470,387,16062386,0.0000915181592573,0.0001156117154699
computer,314,74,16062386,0.0000195487768754,0.0000241558134638
biscuit,653,181,16062386,0.0000406539850306,0.0000519225474970
cot,226,71,16062386,0.0000140701387702,0.0000184904036050
crocodile,689,190,16062386,0.0000428952460737,0.0000547241238008
mug,91,20,16062386,0.0000056654098588,0.0000069105548827
easy,824,250,16062386,0.0000512999749850,0.0000668642877839
fire truck,160,36,16062386,0.0000099611601913,0.0000122024212343
jam,547,160,16062386,0.0000340547164039,0.0000440158765952
kangaroo,641,169,16062386,0.0000399068980163,0.0000504283734683
lolly,173,36,16062386,0.0000107705044568,0.0000130117654998
motorbike,110,29,16062386,0.0000068482976315,0.0000086537579162
nails,339,74,16062386,0.0000211052081553,0.0000257122447437
neck,787,222,16062386,0.0000489964566908,0.0000628175664562
pyjamas,111,28,16062386,0.0000069105548827,0.0000086537579162
pasta,566,142,16062386,0.0000352376041766,0.0000440781338464
photo,96,29,16062386,0.0000059766961148,0.0000077821563994
fridge,551,131,16062386,0.0000343037454087,0.0000424594453153
smell,1169,286,16062386,0.0000727787266475,0.0000905843004894
snake,1467,378,16062386,0.0000913313875037,0.0001148646284556
spider,947,252,16062386,0.0000589576168821,0.0000746464441833
pram,419,105,16062386,0.0000260857882509,0.0000326227996264
jumper,398,91,16062386,0.0000247783859758,0.0000304437958346
yummy,1774,496,16062386,0.0001104443636207,0.0001413239602136
teddy bear,503,118,16062386,0.0000313153973513,0.0000386617529924
tell,12910,3281,16062386,0.0008037411129330,0.0010080071541052
stomach,237,62,16062386,0.0000147549685333,0.0000186149181074
wall,1014,284,16062386,0.0000631288527122,0.0000808099120517
wardrobe,80,20,16062386,0.0000049805800956,0.0000062257251195
yoghurt,309,87,16062386,0.0000192374906194,0.0000246538714734
bike,989,256,16062386,0.0000615724214323,0.0000775102777383
brick,336,92,16062386,0.0000209184364017,0.0000266461035116
rabbit,1649,395,16062386,0.0001026622072213,0.0001272538214435
lounge,79,17,16062386,0.0000049183228444,0.0000059766961148
fire engine,925,199,16062386,0.0000575879573558,0.0000699771503437
feet,3493,842,16062386,0.0002174645784256,0.0002698851839322
lounge room,0,0,16062386,0.0000000000000000,0.0000000000000000
phone,1480,364,16062386,0.0000921407317692,0.0001148023712044
teeth,2152,542,16062386,0.0001339776045726,0.0001677210347205
rubbish,669,170,16062386,0.0000416501010497,0.0000522338337530
again,12010,2999,16062386,0.0007477095868571,0.0009344190831922
aeroplane,445,106,16062386,0.0000277044767820,0.0000343037454087
bin,1264,349,16062386,0.0000786931655110,0.0001004209461782
bubble,352,90,16062386,0.0000219145524208,0.0000275177050284
settee,177,42,16062386,0.0000110195334616,0.0000136343380118
key,731,187,16062386,0.0000455100506239,0.0000571521565974
kitten,285,70,16062386,0.0000177433165907,0.0000221013241744
dummy,120,24,16062386,0.0000074708701435,0.0000089650441721
trousers,963,246,16062386,0.0000599537329012,0.0000752690166953
spade,182,53,16062386,0.0000113308197176,0.0000146304540309
pushchair,116,35,16062386,0.0000072218411387,0.0000094008449305
cooker,167,33,16062386,0.0000103969609496,0.0000124514502391
tea,4103,1064,16062386,0.0002554415016549,0.0003216832169268
lorry,1083,286,16062386,0.0000674246030447,0.0000852301768865
hoover,104,33,16062386,0.0000064747541243,0.0000085292434138
zip,408,111,16062386,0.0000254009584877,0.0000323115133704
tummy button,15,1,16062386,0.0000009338587679,0.0000009961160191
buggy,61,23,16062386,0.0000037976923229,0.0000052296091004
television,741,191,16062386,0.0000461326231358,0.0000580237581141
